Frame,Beyblade Type,Condition,X1,Y1,X2,Y2,Confidence,Width,Status,Collision,Time Per Frame (secs),Time (secs)
1,Beyblade 1,stop,185,110,319,194,0.9585429430007935,134,Loser,No,0.03333333333333333,
1,Beyblade 2,stop,69,251,139,311,0.8966748714447021,70,Winner,No,0.03333333333333333,
2,Beyblade 1,stop,185,110,318,194,0.9301040172576904,133,Loser,No,0.03333333333333333,
2,Beyblade 2,stop,70,250,139,310,0.8735688924789429,69,Winner,No,0.03333333333333333,
3,Beyblade 1,stop,190,107,325,201,0.8840171694755554,135,Loser,No,0.03333333333333333,
3,Beyblade 2,stop,71,250,140,310,0.8376121520996094,69,Winner,No,0.03333333333333333,
4,Beyblade 1,stop,183,111,328,200,0.8745594620704651,145,Loser,No,0.03333333333333333,
4,Beyblade 2,stop,71,250,142,312,0.8194183707237244,71,Winner,No,0.03333333333333333,
5,,stop,71,252,141,312,0.8356452584266663,70,,No,0.03333333333333333,
6,,stop,72,252,141,312,0.8751589059829712,69,,No,0.03333333333333333,
7,Beyblade 2,stop,69,251,146,312,0.4983031749725342,77,Winner,No,0.03333333333333333,
7,Beyblade 1,stop,151,35,301,179,0.42395639419555664,150,Loser,No,0.03333333333333333,
8,Beyblade 2,stop,45,242,151,302,0.5498375296592712,106,Winner,No,0.03333333333333333,
8,Beyblade 1,stop,141,89,293,199,0.5214009284973145,152,Loser,No,0.03333333333333333,
8,,stop,44,183,153,303,0.4874558448791504,109,,No,0.03333333333333333,
9,,stop,53,177,161,301,0.6637944579124451,108,,No,0.03333333333333333,
9,Beyblade 2,stop,53,227,160,301,0.6266927123069763,107,Winner,No,0.03333333333333333,
9,Beyblade 1,stop,133,108,274,224,0.49010568857192993,141,Loser,No,0.03333333333333333,
9,,spinning,134,108,275,226,0.3363610506057739,141,,No,0.03333333333333333,0.3
10,Beyblade 2,stop,58,203,163,302,0.8449062705039978,105,Winner,No,0.03333333333333333,0.3333333333333333
10,Beyblade 1,stop,142,140,258,249,0.5331358909606934,116,Loser,No,0.03333333333333333,0.3333333333333333
10,,stop,59,161,164,306,0.38973692059516907,105,,No,0.03333333333333333,0.3333333333333333
11,,stop,76,164,187,288,0.26424264907836914,111,,No,0.03333333333333333,0.36666666666666664
12,Beyblade 1,stop,70,147,235,302,0.654538631439209,165,Loser,No,0.03333333333333333,0.4
12,Beyblade 2,stop,88,226,193,295,0.4085848331451416,105,Winner,No,0.03333333333333333,0.4
13,Beyblade 2,spinning,109,238,208,314,0.8910046219825745,99,Winner,No,0.03333333333333333,0.43333333333333335
13,Beyblade 1,stop,48,142,219,288,0.4971875548362732,171,Loser,No,0.03333333333333333,0.43333333333333335
14,,spinning,126,266,223,345,0.9361175298690796,97,,No,0.03333333333333333,0.4666666666666667
15,Beyblade 2,spinning,142,296,238,375,0.942879855632782,96,Winner,No,0.03333333333333333,0.5
15,Beyblade 1,spinning,57,180,187,285,0.6216622591018677,130,Loser,No,0.03333333333333333,0.5
16,Beyblade 2,spinning,166,269,261,347,0.9253718852996826,95,Winner,Yes,0.03333333333333333,0.5333333333333333
16,Beyblade 1,spinning,51,178,188,288,0.7441591620445251,137,Loser,Yes,0.03333333333333333,0.5333333333333333
17,Beyblade 2,spinning,194,249,284,326,0.9500179290771484,90,Winner,No,0.03333333333333333,0.5666666666666667
17,Beyblade 1,spinning,49,190,187,298,0.7829663157463074,138,Loser,No,0.03333333333333333,0.5666666666666667
18,Beyblade 2,spinning,214,242,306,319,0.9435098171234131,92,Winner,No,0.03333333333333333,0.6
18,Beyblade 1,spinning,53,205,188,310,0.8381038308143616,135,Loser,No,0.03333333333333333,0.6
19,Beyblade 2,spinning,236,245,329,321,0.9133095741271973,93,Winner,No,0.03333333333333333,0.6333333333333333
19,Beyblade 1,spinning,62,209,199,316,0.8790603876113892,137,Loser,No,0.03333333333333333,0.6333333333333333
20,Beyblade 2,spinning,254,259,345,336,0.9510945081710815,91,Winner,No,0.03333333333333333,0.6666666666666666
20,Beyblade 1,spinning,71,225,207,335,0.8767806887626648,136,Loser,No,0.03333333333333333,0.6666666666666666
21,Beyblade 2,spinning,269,267,357,345,0.9378484487533569,88,Winner,No,0.03333333333333333,0.7
21,Beyblade 1,spinning,82,224,219,334,0.8871748447418213,137,Loser,No,0.03333333333333333,0.7
22,Beyblade 2,spinning,280,259,360,335,0.9643709659576416,80,Winner,No,0.03333333333333333,0.7333333333333333
22,Beyblade 1,spinning,93,234,228,344,0.9266031980514526,135,Loser,No,0.03333333333333333,0.7333333333333333
23,Beyblade 2,spinning,288,260,360,336,0.9654741287231445,72,Winner,No,0.03333333333333333,0.7666666666666666
23,Beyblade 1,spinning,109,231,243,343,0.9097809791564941,134,Loser,No,0.03333333333333333,0.7666666666666666
24,Beyblade 2,spinning,286,248,360,323,0.9637138843536377,74,Winner,No,0.03333333333333333,0.8
24,Beyblade 1,spinning,124,236,260,348,0.8833624720573425,136,Loser,No,0.03333333333333333,0.8
25,Beyblade 2,spinning,284,246,360,322,0.9537525177001953,76,Winner,No,0.03333333333333333,0.8333333333333334
25,Beyblade 1,spinning,140,235,277,348,0.8676064014434814,137,Loser,No,0.03333333333333333,0.8333333333333334
26,Beyblade 2,spinning,278,238,360,314,0.9215810894966125,82,Winner,Yes,0.03333333333333333,0.8666666666666667
26,Beyblade 1,spinning,153,233,287,341,0.8650832176208496,134,Loser,Yes,0.03333333333333333,0.8666666666666667
27,Beyblade 2,spinning,297,229,360,303,0.9347105026245117,63,Winner,No,0.03333333333333333,0.9
27,Beyblade 1,spinning,131,229,268,337,0.8795356154441833,137,Loser,No,0.03333333333333333,0.9
28,Beyblade 1,spinning,115,229,250,336,0.8789147138595581,135,Loser,No,0.03333333333333333,0.9333333333333333
28,Beyblade 2,spinning,316,218,360,290,0.8304508924484253,44,Winner,No,0.03333333333333333,0.9333333333333333
29,Beyblade 1,spinning,102,228,237,334,0.8645793795585632,135,Loser,No,0.03333333333333333,0.9666666666666667
29,Beyblade 2,spinning,316,208,360,281,0.6961392760276794,44,Winner,No,0.03333333333333333,0.9666666666666667
30,Beyblade 1,spinning,90,227,226,332,0.9155924916267395,136,Loser,No,0.03333333333333333,1.0
30,Beyblade 2,spinning,308,207,360,282,0.8757627010345459,52,Winner,No,0.03333333333333333,1.0
31,Beyblade 2,spinning,299,205,360,280,0.9126308560371399,61,Winner,No,0.03333333333333333,1.0333333333333332
31,Beyblade 1,spinning,82,226,220,330,0.906565248966217,138,Loser,No,0.03333333333333333,1.0333333333333332
32,Beyblade 2,spinning,286,206,360,281,0.9373264908790588,74,Winner,No,0.03333333333333333,1.0666666666666667
32,Beyblade 1,spinning,79,225,216,330,0.9199388027191162,137,Loser,No,0.03333333333333333,1.0666666666666667
33,Beyblade 2,spinning,267,205,356,281,0.9422594308853149,89,Winner,No,0.03333333333333333,1.1
33,Beyblade 1,spinning,79,229,216,334,0.8951265811920166,137,Loser,No,0.03333333333333333,1.1
34,Beyblade 1,spinning,81,234,219,338,0.9185442328453064,138,Loser,No,0.03333333333333333,1.1333333333333333
34,Beyblade 2,spinning,251,204,341,279,0.9045766592025757,90,Winner,No,0.03333333333333333,1.1333333333333333
35,Beyblade 2,spinning,229,204,321,280,0.9295773506164551,92,Winner,No,0.03333333333333333,1.1666666666666667
35,Beyblade 1,spinning,90,242,226,347,0.8750667572021484,136,Loser,No,0.03333333333333333,1.1666666666666667
36,Beyblade 2,spinning,206,204,299,278,0.9283660650253296,93,Winner,Yes,0.03333333333333333,1.2
36,Beyblade 1,spinning,102,254,237,356,0.8845228552818298,135,Loser,Yes,0.03333333333333333,1.2
37,Beyblade 2,spinning,195,196,286,272,0.9407572150230408,91,Winner,Yes,0.03333333333333333,1.2333333333333334
37,Beyblade 1,spinning,103,266,240,370,0.9095572233200073,137,Loser,Yes,0.03333333333333333,1.2333333333333334
38,Beyblade 2,spinning,183,192,277,267,0.930071234703064,94,Winner,No,0.03333333333333333,1.2666666666666666
38,Beyblade 1,spinning,103,277,240,382,0.9140288829803467,137,Loser,No,0.03333333333333333,1.2666666666666666
39,Beyblade 2,spinning,174,189,265,264,0.9371188282966614,91,Winner,No,0.03333333333333333,1.3
39,Beyblade 1,spinning,103,288,241,397,0.899032711982727,138,Loser,No,0.03333333333333333,1.3
40,Beyblade 2,spinning,162,188,253,263,0.9495713114738464,91,Winner,No,0.03333333333333333,1.3333333333333333
40,Beyblade 1,spinning,105,295,244,405,0.8927310705184937,139,Loser,No,0.03333333333333333,1.3333333333333333
41,Beyblade 2,spinning,150,192,241,266,0.9321408867835999,91,Winner,No,0.03333333333333333,1.3666666666666667
41,Beyblade 1,spinning,108,300,252,407,0.8746097087860107,144,Loser,No,0.03333333333333333,1.3666666666666667
42,Beyblade 2,spinning,136,197,228,272,0.9210994243621826,92,Winner,No,0.03333333333333333,1.4
42,Beyblade 1,spinning,114,300,256,406,0.8710471987724304,142,Loser,No,0.03333333333333333,1.4
43,Beyblade 2,spinning,125,205,217,280,0.9407734870910645,92,Winner,No,0.03333333333333333,1.4333333333333333
43,Beyblade 1,spinning,119,300,266,407,0.8695844411849976,147,Loser,No,0.03333333333333333,1.4333333333333333
44,Beyblade 2,spinning,117,213,210,288,0.9467195272445679,93,Winner,No,0.03333333333333333,1.4666666666666666
44,Beyblade 1,spinning,129,299,271,406,0.8907075524330139,142,Loser,No,0.03333333333333333,1.4666666666666666
45,Beyblade 2,spinning,112,225,204,299,0.9494326710700989,92,Winner,Yes,0.03333333333333333,1.5
45,Beyblade 1,spinning,136,297,277,404,0.8461477160453796,141,Loser,Yes,0.03333333333333333,1.5
46,Beyblade 2,spinning,109,235,202,310,0.9313879609107971,93,Winner,Yes,0.03333333333333333,1.5333333333333332
46,Beyblade 1,spinning,145,294,287,402,0.8352660536766052,142,Loser,Yes,0.03333333333333333,1.5333333333333332
47,Beyblade 2,spinning,105,242,199,319,0.9212225079536438,94,Winner,Yes,0.03333333333333333,1.5666666666666667
47,Beyblade 1,spinning,156,295,295,402,0.8341728448867798,139,Loser,Yes,0.03333333333333333,1.5666666666666667
48,Beyblade 2,spinning,105,249,199,326,0.9324615597724915,94,Winner,Yes,0.03333333333333333,1.6
48,Beyblade 1,spinning,165,293,304,402,0.7890529632568359,139,Loser,Yes,0.03333333333333333,1.6
49,Beyblade 2,spinning,106,255,199,332,0.9041922092437744,93,Winner,Yes,0.03333333333333333,1.6333333333333333
49,Beyblade 1,spinning,177,291,313,402,0.8280946612358093,136,Loser,Yes,0.03333333333333333,1.6333333333333333
50,Beyblade 2,spinning,106,260,200,336,0.9267189502716064,94,Winner,Yes,0.03333333333333333,1.6666666666666667
50,Beyblade 1,spinning,184,291,325,401,0.8347991704940796,141,Loser,Yes,0.03333333333333333,1.6666666666666667
51,Beyblade 2,spinning,108,265,203,341,0.925504207611084,95,Winner,Yes,0.03333333333333333,1.7
51,Beyblade 1,spinning,192,281,330,395,0.8390439748764038,138,Loser,Yes,0.03333333333333333,1.7
52,Beyblade 2,spinning,113,270,204,346,0.935554027557373,91,Winner,Yes,0.03333333333333333,1.7333333333333334
52,Beyblade 1,spinning,194,279,335,390,0.7806079387664795,141,Loser,Yes,0.03333333333333333,1.7333333333333334
53,Beyblade 2,spinning,105,270,197,344,0.9286103248596191,92,Winner,No,0.03333333333333333,1.7666666666666666
53,Beyblade 1,spinning,211,278,350,384,0.8214936256408691,139,Loser,No,0.03333333333333333,1.7666666666666666
54,Beyblade 2,spinning,96,268,190,343,0.9034831523895264,94,Winner,No,0.03333333333333333,1.8
54,Beyblade 1,spinning,223,271,359,375,0.8367782831192017,136,Loser,No,0.03333333333333333,1.8
55,Beyblade 2,spinning,94,268,185,341,0.9179089069366455,91,Winner,No,0.03333333333333333,1.8333333333333333
55,Beyblade 1,spinning,232,266,360,369,0.8553398847579956,128,Loser,No,0.03333333333333333,1.8333333333333333
56,Beyblade 2,spinning,90,269,182,343,0.9195416569709778,92,Winner,No,0.03333333333333333,1.8666666666666667
56,Beyblade 1,spinning,235,257,360,361,0.9091916084289551,125,Loser,No,0.03333333333333333,1.8666666666666667
57,Beyblade 2,spinning,90,271,183,345,0.939414918422699,93,Winner,No,0.03333333333333333,1.9
57,Beyblade 1,spinning,234,247,360,349,0.9183882474899292,126,Loser,No,0.03333333333333333,1.9
58,Beyblade 2,spinning,92,273,186,348,0.9421363472938538,94,Winner,No,0.03333333333333333,1.9333333333333333
58,Beyblade 1,spinning,233,238,360,337,0.9142220616340637,127,Loser,No,0.03333333333333333,1.9333333333333333
59,Beyblade 2,spinning,95,278,189,352,0.9296741485595703,94,Winner,No,0.03333333333333333,1.9666666666666666
59,Beyblade 1,spinning,227,228,360,327,0.8691354990005493,133,Loser,No,0.03333333333333333,1.9666666666666666
60,Beyblade 2,spinning,101,282,194,357,0.9273392558097839,93,Winner,No,0.03333333333333333,2.0
60,Beyblade 1,spinning,215,218,356,320,0.7601272463798523,141,Loser,No,0.03333333333333333,2.0
61,Beyblade 2,spinning,109,288,202,363,0.9266020655632019,93,Winner,Yes,0.03333333333333333,2.033333333333333
61,Beyblade 1,spinning,201,209,337,310,0.8859407305717468,136,Loser,Yes,0.03333333333333333,2.033333333333333
62,Beyblade 2,spinning,117,292,211,368,0.9373891353607178,94,Winner,Yes,0.03333333333333333,2.0666666666666664
62,Beyblade 1,spinning,181,206,317,305,0.8470384478569031,136,Loser,Yes,0.03333333333333333,2.0666666666666664
63,Beyblade 2,spinning,128,294,223,369,0.9211047887802124,95,Winner,Yes,0.03333333333333333,2.1
63,Beyblade 1,spinning,158,205,294,300,0.8373530507087708,136,Loser,Yes,0.03333333333333333,2.1
64,Beyblade 2,spinning,122,312,218,394,0.9139460325241089,96,Winner,No,0.03333333333333333,2.1333333333333333
64,Beyblade 1,spinning,151,182,285,284,0.8243010640144348,134,Loser,No,0.03333333333333333,2.1333333333333333
65,Beyblade 2,spinning,107,339,204,408,0.9254795908927917,97,Winner,No,0.03333333333333333,2.1666666666666665
65,Beyblade 1,spinning,150,155,283,252,0.8086915016174316,133,Loser,No,0.03333333333333333,2.1666666666666665
66,,spinning,147,133,280,232,0.7628975510597229,133,,No,0.03333333333333333,2.2
67,,spinning,143,115,276,215,0.7599303722381592,133,,No,0.03333333333333333,2.2333333333333334
68,,spinning,134,110,267,208,0.8248355984687805,133,,No,0.03333333333333333,2.2666666666666666
69,Beyblade 1,spinning,123,107,256,207,0.7756602168083191,133,Loser,No,0.03333333333333333,2.3
69,Beyblade 2,spinning,68,407,168,481,0.2747937738895416,100,Winner,No,0.03333333333333333,2.3
70,,spinning,110,110,242,212,0.8724660873413086,132,,No,0.03333333333333333,2.3333333333333335
71,Beyblade 2,spinning,93,128,227,224,0.5977115631103516,134,Winner,No,0.03333333333333333,2.3666666666666667
71,Beyblade 1,stop,93,127,228,225,0.2562065124511719,135,Loser,No,0.03333333333333333,2.3666666666666667
72,,spinning,79,142,212,243,0.7956407070159912,133,,No,0.03333333333333333,2.4
73,,spinning,62,158,198,260,0.8261428475379944,136,,No,0.03333333333333333,2.433333333333333
74,,spinning,48,180,186,282,0.6745577454566956,138,,No,0.03333333333333333,2.466666666666667
75,Beyblade 1,spinning,38,200,173,303,0.8571756482124329,135,Loser,No,0.03333333333333333,2.5
75,Beyblade 2,spinning,117,360,212,440,0.650583028793335,95,Winner,No,0.03333333333333333,2.5
76,Beyblade 2,spinning,126,348,224,413,0.9089527726173401,98,Winner,No,0.03333333333333333,2.533333333333333
76,Beyblade 1,spinning,33,220,169,324,0.8409498929977417,136,Loser,No,0.03333333333333333,2.533333333333333
77,Beyblade 2,spinning,138,335,234,407,0.9543551206588745,96,Winner,Yes,0.03333333333333333,2.5666666666666664
77,Beyblade 1,spinning,32,240,169,351,0.8526327013969421,137,Loser,Yes,0.03333333333333333,2.5666666666666664
78,Beyblade 2,spinning,150,322,243,393,0.947028636932373,93,Winner,Yes,0.03333333333333333,2.6
78,Beyblade 1,spinning,33,258,174,365,0.8872106671333313,141,Loser,Yes,0.03333333333333333,2.6
79,Beyblade 2,spinning,190,327,282,403,0.9184756278991699,92,Winner,No,0.03333333333333333,2.6333333333333333
79,Beyblade 1,spinning,9,254,153,357,0.7446815371513367,144,Loser,No,0.03333333333333333,2.6333333333333333
80,Beyblade 2,spinning,230,332,323,402,0.868015468120575,93,Winner,No,0.03333333333333333,2.6666666666666665
80,Beyblade 1,spinning,0,243,131,346,0.8584510684013367,131,Loser,No,0.03333333333333333,2.6666666666666665
81,Beyblade 1,spinning,0,235,123,336,0.9341890811920166,123,Loser,No,0.03333333333333333,2.7
81,Beyblade 2,spinning,266,334,357,406,0.4978051483631134,91,Winner,No,0.03333333333333333,2.7
82,Beyblade 1,spinning,0,234,113,335,0.9437883496284485,113,Loser,No,0.03333333333333333,2.7333333333333334
82,Beyblade 2,spinning,297,332,360,406,0.3319041430950165,63,Winner,No,0.03333333333333333,2.7333333333333334
83,Beyblade 1,spinning,0,241,113,341,0.932470977306366,113,Loser,No,0.03333333333333333,2.7666666666666666
83,Beyblade 2,spinning,310,326,360,397,0.7950642108917236,50,Winner,No,0.03333333333333333,2.7666666666666666
84,Beyblade 1,spinning,0,250,117,350,0.9390098452568054,117,Loser,No,0.03333333333333333,2.8
84,Beyblade 2,spinning,315,319,360,395,0.7350694537162781,45,Winner,No,0.03333333333333333,2.8
85,Beyblade 1,spinning,0,262,125,364,0.9479866623878479,125,Loser,No,0.03333333333333333,2.8333333333333335
85,Beyblade 2,spinning,319,311,360,388,0.7250187993049622,41,Winner,No,0.03333333333333333,2.8333333333333335
86,Beyblade 1,spinning,4,275,137,378,0.9203208088874817,133,Loser,No,0.03333333333333333,2.8666666666666667
86,Beyblade 2,spinning,308,302,360,386,0.8681879043579102,52,Winner,No,0.03333333333333333,2.8666666666666667
87,Beyblade 2,spinning,304,296,360,370,0.8924658894538879,56,Winner,No,0.03333333333333333,2.9
87,Beyblade 1,spinning,16,288,157,390,0.8519752621650696,141,Loser,No,0.03333333333333333,2.9
88,Beyblade 2,spinning,291,289,360,363,0.9251731634140015,69,Winner,No,0.03333333333333333,2.933333333333333
88,Beyblade 1,spinning,35,298,181,400,0.800014317035675,146,Loser,No,0.03333333333333333,2.933333333333333
89,Beyblade 2,spinning,279,283,360,358,0.9253512620925903,81,Winner,No,0.03333333333333333,2.966666666666667
89,Beyblade 1,spinning,56,305,202,404,0.8498839735984802,146,Loser,No,0.03333333333333333,2.966666666666667
90,Beyblade 2,spinning,261,277,356,351,0.9397144317626953,95,Winner,No,0.03333333333333333,3.0
90,Beyblade 1,spinning,79,308,225,407,0.8968644142150879,146,Loser,No,0.03333333333333333,3.0
91,Beyblade 2,spinning,244,270,339,345,0.9470503926277161,95,Winner,No,0.03333333333333333,3.033333333333333
91,Beyblade 1,spinning,100,309,242,408,0.905901312828064,142,Loser,No,0.03333333333333333,3.033333333333333
92,Beyblade 2,spinning,230,266,322,336,0.9432545304298401,92,Winner,Yes,0.03333333333333333,3.0666666666666664
92,Beyblade 1,spinning,117,306,260,409,0.8876223564147949,143,Loser,Yes,0.03333333333333333,3.0666666666666664
93,Beyblade 2,spinning,227,254,318,324,0.9306415915489197,91,Winner,Yes,0.03333333333333333,3.1
93,Beyblade 1,spinning,124,304,264,408,0.878991425037384,140,Loser,Yes,0.03333333333333333,3.1
94,Beyblade 2,spinning,219,245,312,314,0.9210745096206665,93,Winner,Yes,0.03333333333333333,3.1333333333333333
94,Beyblade 1,spinning,126,299,266,404,0.909261167049408,140,Loser,Yes,0.03333333333333333,3.1333333333333333
95,Beyblade 2,spinning,220,232,310,299,0.9217969179153442,90,Winner,Yes,0.03333333333333333,3.1666666666666665
95,Beyblade 1,spinning,115,299,258,404,0.8913706541061401,143,Loser,Yes,0.03333333333333333,3.1666666666666665
96,Beyblade 2,spinning,220,217,311,285,0.937012255191803,91,Winner,No,0.03333333333333333,3.2
96,Beyblade 1,spinning,103,301,244,405,0.9019893407821655,141,Loser,No,0.03333333333333333,3.2
97,Beyblade 2,spinning,219,207,309,275,0.9226158857345581,90,Winner,No,0.03333333333333333,3.2333333333333334
97,Beyblade 1,spinning,91,300,236,401,0.8796120882034302,145,Loser,No,0.03333333333333333,3.2333333333333334
98,Beyblade 2,spinning,215,200,305,268,0.9536585807800293,90,Winner,No,0.03333333333333333,3.2666666666666666
98,Beyblade 1,spinning,81,298,227,400,0.8525910973548889,146,Loser,No,0.03333333333333333,3.2666666666666666
99,Beyblade 2,spinning,208,197,298,264,0.944307804107666,90,Winner,No,0.03333333333333333,3.3
99,Beyblade 1,spinning,75,296,218,398,0.8385772705078125,143,Loser,No,0.03333333333333333,3.3
100,Beyblade 2,spinning,201,196,290,265,0.930777370929718,89,Winner,No,0.03333333333333333,3.3333333333333335
100,Beyblade 1,spinning,73,295,217,397,0.799028754234314,144,Loser,No,0.03333333333333333,3.3333333333333335
101,Beyblade 2,spinning,190,198,280,266,0.958911120891571,90,Winner,No,0.03333333333333333,3.3666666666666667
101,Beyblade 1,spinning,72,294,214,396,0.7932752370834351,142,Loser,No,0.03333333333333333,3.3666666666666667
102,Beyblade 2,spinning,182,200,272,270,0.9596258997917175,90,Winner,No,0.03333333333333333,3.4
102,Beyblade 1,spinning,73,294,214,392,0.8502142429351807,141,Loser,No,0.03333333333333333,3.4
103,Beyblade 2,spinning,171,205,261,274,0.9286777973175049,90,Winner,No,0.03333333333333333,3.433333333333333
103,Beyblade 1,spinning,77,293,217,389,0.8894695043563843,140,Loser,No,0.03333333333333333,3.433333333333333
104,Beyblade 2,spinning,163,208,253,276,0.9354079961776733,90,Winner,No,0.03333333333333333,3.466666666666667
104,Beyblade 1,spinning,80,292,223,388,0.8602217435836792,143,Loser,No,0.03333333333333333,3.466666666666667
105,Beyblade 2,spinning,153,211,244,281,0.9643985629081726,91,Winner,No,0.03333333333333333,3.5
105,Beyblade 1,spinning,86,292,227,388,0.8956228494644165,141,Loser,No,0.03333333333333333,3.5
106,Beyblade 2,spinning,145,217,236,286,0.9096307754516602,91,Winner,No,0.03333333333333333,3.533333333333333
106,Beyblade 1,spinning,94,291,237,387,0.88409423828125,143,Loser,No,0.03333333333333333,3.533333333333333
107,Beyblade 1,spinning,103,290,242,386,0.9246553182601929,139,Loser,Yes,0.03333333333333333,3.5666666666666664
107,Beyblade 2,spinning,139,220,230,292,0.9077197909355164,91,Winner,Yes,0.03333333333333333,3.5666666666666664
108,Beyblade 1,spinning,103,293,242,389,0.9121947884559631,139,Loser,No,0.03333333333333333,3.6
108,Beyblade 2,spinning,137,220,228,289,0.9117356538772583,91,Winner,No,0.03333333333333333,3.6
109,Beyblade 2,spinning,135,221,226,290,0.925091028213501,91,Winner,No,0.03333333333333333,3.6333333333333333
109,Beyblade 1,spinning,99,294,240,392,0.8907684683799744,141,Loser,No,0.03333333333333333,3.6333333333333333
110,Beyblade 2,spinning,132,219,223,291,0.9234327673912048,91,Winner,No,0.03333333333333333,3.6666666666666665
110,Beyblade 1,spinning,91,296,233,397,0.8816522359848022,142,Loser,No,0.03333333333333333,3.6666666666666665
111,Beyblade 2,spinning,125,219,217,291,0.9231947064399719,92,Winner,No,0.03333333333333333,3.6999999999999997
111,Beyblade 1,spinning,84,296,229,396,0.8621282577514648,145,Loser,No,0.03333333333333333,3.6999999999999997
112,Beyblade 2,spinning,120,219,211,291,0.9202371835708618,91,Winner,No,0.03333333333333333,3.7333333333333334
112,Beyblade 1,spinning,81,295,225,391,0.8362131714820862,144,Loser,No,0.03333333333333333,3.7333333333333334
113,Beyblade 2,spinning,117,210,207,284,0.9673996567726135,90,Winner,No,0.03333333333333333,3.7666666666666666
113,Beyblade 1,spinning,77,296,218,396,0.8696219325065613,141,Loser,No,0.03333333333333333,3.7666666666666666
114,Beyblade 2,spinning,112,203,203,275,0.9376928806304932,91,Winner,No,0.03333333333333333,3.8
114,Beyblade 1,spinning,74,298,216,400,0.8698264360427856,142,Loser,No,0.03333333333333333,3.8
115,Beyblade 2,spinning,111,198,198,270,0.9400226473808289,87,Winner,No,0.03333333333333333,3.8333333333333335
115,Beyblade 1,spinning,75,301,216,400,0.9056065082550049,141,Loser,No,0.03333333333333333,3.8333333333333335
116,Beyblade 2,spinning,106,195,194,267,0.9535712003707886,88,Winner,No,0.03333333333333333,3.8666666666666667
116,Beyblade 1,spinning,77,301,219,401,0.900241494178772,142,Loser,No,0.03333333333333333,3.8666666666666667
117,Beyblade 2,spinning,102,194,191,265,0.9191594123840332,89,Winner,No,0.03333333333333333,3.9
117,Beyblade 1,spinning,79,300,220,400,0.9090853929519653,141,Loser,No,0.03333333333333333,3.9
118,Beyblade 2,spinning,100,195,189,267,0.9144335985183716,89,Winner,No,0.03333333333333333,3.933333333333333
118,Beyblade 1,spinning,80,297,222,399,0.8944074511528015,142,Loser,No,0.03333333333333333,3.933333333333333
119,Beyblade 2,spinning,96,195,186,268,0.9384181499481201,90,Winner,No,0.03333333333333333,3.966666666666667
119,Beyblade 1,spinning,82,294,227,395,0.818095326423645,145,Loser,No,0.03333333333333333,3.966666666666667
120,Beyblade 2,spinning,95,196,184,270,0.9515235424041748,89,Winner,No,0.03333333333333333,4.0
120,Beyblade 1,spinning,86,291,226,388,0.8936992883682251,140,Loser,No,0.03333333333333333,4.0
121,Beyblade 2,spinning,94,197,183,272,0.962890088558197,89,Winner,No,0.03333333333333333,4.033333333333333
121,Beyblade 1,spinning,88,288,227,385,0.9127195477485657,139,Loser,No,0.03333333333333333,4.033333333333333
122,Beyblade 2,spinning,92,200,183,275,0.9581457376480103,91,Winner,No,0.03333333333333333,4.066666666666666
122,Beyblade 1,spinning,89,283,227,380,0.8867491483688354,138,Loser,No,0.03333333333333333,4.066666666666666
123,Beyblade 2,spinning,92,202,180,277,0.9572726488113403,88,Winner,No,0.03333333333333333,4.1
123,Beyblade 1,spinning,89,280,227,375,0.9230806231498718,138,Loser,No,0.03333333333333333,4.1
124,Beyblade 2,spinning,92,198,180,274,0.9669123888015747,88,Winner,No,0.03333333333333333,4.133333333333333
124,Beyblade 1,spinning,90,280,227,376,0.9284842014312744,137,Loser,No,0.03333333333333333,4.133333333333333
125,Beyblade 2,spinning,91,199,180,275,0.9638972878456116,89,Winner,No,0.03333333333333333,4.166666666666667
125,Beyblade 1,spinning,90,280,228,375,0.9296035766601562,138,Loser,No,0.03333333333333333,4.166666666666667
126,Beyblade 2,spinning,91,200,180,275,0.9629148244857788,89,Winner,No,0.03333333333333333,4.2
126,Beyblade 1,spinning,89,278,227,375,0.9219396114349365,138,Loser,No,0.03333333333333333,4.2
127,Beyblade 2,spinning,92,194,180,269,0.955001950263977,88,Winner,No,0.03333333333333333,4.233333333333333
127,Beyblade 1,spinning,89,282,227,382,0.8873447775840759,138,Loser,No,0.03333333333333333,4.233333333333333
128,Beyblade 2,spinning,94,189,184,264,0.9525912404060364,90,Winner,No,0.03333333333333333,4.266666666666667
128,Beyblade 1,spinning,86,287,227,388,0.9113381505012512,141,Loser,No,0.03333333333333333,4.266666666666667
129,Beyblade 2,spinning,95,186,184,261,0.9452518224716187,89,Winner,No,0.03333333333333333,4.3
129,Beyblade 1,spinning,87,291,228,391,0.9055609107017517,141,Loser,No,0.03333333333333333,4.3
130,Beyblade 2,spinning,96,187,186,262,0.9350453615188599,90,Winner,No,0.03333333333333333,4.333333333333333
130,Beyblade 1,spinning,89,292,229,391,0.9122430086135864,140,Loser,No,0.03333333333333333,4.333333333333333
131,Beyblade 2,spinning,99,188,186,263,0.9114317297935486,87,Winner,No,0.03333333333333333,4.366666666666666
131,Beyblade 1,spinning,91,292,233,392,0.885341227054596,142,Loser,No,0.03333333333333333,4.366666666666666
132,Beyblade 2,spinning,100,191,189,267,0.9322089552879333,89,Winner,No,0.03333333333333333,4.4
132,Beyblade 1,spinning,93,290,236,388,0.899313747882843,143,Loser,No,0.03333333333333333,4.4
133,Beyblade 2,spinning,100,193,190,271,0.9128857254981995,90,Winner,No,0.03333333333333333,4.433333333333334
133,Beyblade 1,spinning,98,287,241,387,0.9016916751861572,143,Loser,No,0.03333333333333333,4.433333333333334
134,Beyblade 2,spinning,101,196,191,274,0.9592112898826599,90,Winner,No,0.03333333333333333,4.466666666666667
134,Beyblade 1,spinning,102,284,240,384,0.9105901718139648,138,Loser,No,0.03333333333333333,4.466666666666667
135,Beyblade 2,spinning,104,198,192,277,0.9653019309043884,88,Winner,No,0.03333333333333333,4.5
135,Beyblade 1,spinning,104,281,243,379,0.9121288061141968,139,Loser,No,0.03333333333333333,4.5
136,Beyblade 2,spinning,106,201,195,281,0.9444031119346619,89,Winner,Yes,0.03333333333333333,4.533333333333333
136,Beyblade 1,spinning,104,278,242,375,0.937838077545166,138,Loser,Yes,0.03333333333333333,4.533333333333333
137,Beyblade 2,spinning,108,183,195,260,0.9634301066398621,87,Winner,No,0.03333333333333333,4.566666666666666
137,Beyblade 1,spinning,106,291,248,395,0.8850604295730591,142,Loser,No,0.03333333333333333,4.566666666666666
138,Beyblade 2,spinning,108,169,198,247,0.9110956788063049,90,Winner,No,0.03333333333333333,4.6
138,Beyblade 1,spinning,107,304,253,407,0.8208627104759216,146,Loser,No,0.03333333333333333,4.6
139,Beyblade 2,spinning,110,158,200,237,0.9310550689697266,90,Winner,No,0.03333333333333333,4.633333333333333
139,Beyblade 1,spinning,109,311,256,408,0.8683370351791382,147,Loser,No,0.03333333333333333,4.633333333333333
140,Beyblade 2,spinning,112,157,201,234,0.9432222843170166,89,Winner,No,0.03333333333333333,4.666666666666667
140,Beyblade 1,spinning,112,318,256,409,0.830883264541626,144,Loser,No,0.03333333333333333,4.666666666666667
141,Beyblade 2,spinning,113,156,202,233,0.9439895153045654,89,Winner,No,0.03333333333333333,4.7
141,Beyblade 1,spinning,115,319,259,410,0.8488485217094421,144,Loser,No,0.03333333333333333,4.7
142,Beyblade 2,spinning,115,159,204,236,0.9627004861831665,89,Winner,No,0.03333333333333333,4.733333333333333
142,Beyblade 1,spinning,117,319,262,409,0.865195095539093,145,Loser,No,0.03333333333333333,4.733333333333333
143,Beyblade 2,spinning,116,160,206,240,0.9685190916061401,90,Winner,No,0.03333333333333333,4.766666666666667
143,Beyblade 1,spinning,121,317,265,409,0.8364897966384888,144,Loser,No,0.03333333333333333,4.766666666666667
144,Beyblade 2,spinning,116,168,206,246,0.9545408487319946,90,Winner,No,0.03333333333333333,4.8
144,Beyblade 1,spinning,122,312,268,408,0.8720656633377075,146,Loser,No,0.03333333333333333,4.8
145,Beyblade 2,spinning,117,176,206,253,0.9622959494590759,89,Winner,No,0.03333333333333333,4.833333333333333
145,Beyblade 1,spinning,124,307,268,409,0.868582546710968,144,Loser,No,0.03333333333333333,4.833333333333333
146,Beyblade 2,spinning,117,181,208,260,0.9439361095428467,91,Winner,No,0.03333333333333333,4.866666666666666
146,Beyblade 1,spinning,126,301,265,405,0.9111794829368591,139,Loser,No,0.03333333333333333,4.866666666666666
147,Beyblade 2,spinning,118,188,209,268,0.9410340189933777,91,Winner,No,0.03333333333333333,4.9
147,Beyblade 1,spinning,125,294,266,396,0.8505760431289673,141,Loser,No,0.03333333333333333,4.9
148,Beyblade 2,spinning,120,196,211,274,0.9327755570411682,91,Winner,No,0.03333333333333333,4.933333333333334
148,Beyblade 1,spinning,125,288,266,386,0.8992873430252075,141,Loser,No,0.03333333333333333,4.933333333333334
149,Beyblade 2,spinning,122,204,213,283,0.916050136089325,91,Winner,Yes,0.03333333333333333,4.966666666666667
149,Beyblade 1,spinning,125,283,262,380,0.8945546746253967,137,Loser,Yes,0.03333333333333333,4.966666666666667
150,Beyblade 2,spinning,124,204,215,282,0.921559751033783,91,Winner,No,0.03333333333333333,5.0
150,Beyblade 1,spinning,123,283,263,383,0.8955514430999756,140,Loser,No,0.03333333333333333,5.0
151,Beyblade 2,spinning,127,201,217,279,0.9552785754203796,90,Winner,No,0.03333333333333333,5.033333333333333
151,Beyblade 1,spinning,121,290,262,388,0.8912217020988464,141,Loser,No,0.03333333333333333,5.033333333333333
152,Beyblade 2,spinning,130,202,221,279,0.9497836828231812,91,Winner,No,0.03333333333333333,5.066666666666666
152,Beyblade 1,spinning,119,295,262,397,0.8386432528495789,143,Loser,No,0.03333333333333333,5.066666666666666
153,Beyblade 2,spinning,131,203,223,281,0.9391399025917053,92,Winner,No,0.03333333333333333,5.1
153,Beyblade 1,spinning,118,297,260,399,0.8795406818389893,142,Loser,No,0.03333333333333333,5.1
154,Beyblade 2,spinning,135,205,224,285,0.8986896276473999,89,Winner,No,0.03333333333333333,5.133333333333333
154,Beyblade 1,spinning,116,299,257,399,0.8904578685760498,141,Loser,No,0.03333333333333333,5.133333333333333
155,Beyblade 2,spinning,136,210,227,289,0.9007552862167358,91,Winner,No,0.03333333333333333,5.166666666666667
155,Beyblade 1,spinning,116,299,256,399,0.892457902431488,140,Loser,No,0.03333333333333333,5.166666666666667
156,Beyblade 2,spinning,137,214,227,297,0.9268828630447388,90,Winner,No,0.03333333333333333,5.2
156,Beyblade 1,spinning,113,299,255,399,0.8776243925094604,142,Loser,No,0.03333333333333333,5.2
157,Beyblade 2,spinning,138,220,227,303,0.9091258645057678,89,Winner,Yes,0.03333333333333333,5.233333333333333
157,Beyblade 1,spinning,112,298,254,397,0.8608607053756714,142,Loser,Yes,0.03333333333333333,5.233333333333333
158,Beyblade 2,spinning,142,215,233,295,0.962557315826416,91,Winner,No,0.03333333333333333,5.266666666666667
158,Beyblade 1,spinning,110,304,251,399,0.8591101765632629,141,Loser,No,0.03333333333333333,5.266666666666667
159,Beyblade 2,spinning,148,208,238,287,0.9287294745445251,90,Winner,No,0.03333333333333333,5.3
159,Beyblade 1,spinning,105,309,249,408,0.8635542988777161,144,Loser,No,0.03333333333333333,5.3
160,Beyblade 2,spinning,152,205,242,281,0.9424101710319519,90,Winner,No,0.03333333333333333,5.333333333333333
160,Beyblade 1,spinning,103,312,244,408,0.9016655683517456,141,Loser,No,0.03333333333333333,5.333333333333333
161,Beyblade 2,spinning,155,202,245,281,0.9599407315254211,90,Winner,No,0.03333333333333333,5.366666666666666
161,Beyblade 1,spinning,102,314,243,408,0.9121679067611694,141,Loser,No,0.03333333333333333,5.366666666666666
162,Beyblade 2,spinning,156,203,246,280,0.937677800655365,90,Winner,No,0.03333333333333333,5.4
162,Beyblade 1,spinning,102,315,243,408,0.904422402381897,141,Loser,No,0.03333333333333333,5.4
163,Beyblade 2,spinning,157,204,247,281,0.9275179505348206,90,Winner,No,0.03333333333333333,5.433333333333334
163,Beyblade 1,spinning,99,315,242,408,0.896807074546814,143,Loser,No,0.03333333333333333,5.433333333333334
164,Beyblade 2,spinning,157,206,247,284,0.9355356693267822,90,Winner,No,0.03333333333333333,5.466666666666667
164,Beyblade 1,spinning,98,315,242,408,0.8826732635498047,144,Loser,No,0.03333333333333333,5.466666666666667
165,Beyblade 2,spinning,157,209,247,287,0.9508683085441589,90,Winner,No,0.03333333333333333,5.5
165,Beyblade 1,spinning,98,314,242,408,0.8687570691108704,144,Loser,No,0.03333333333333333,5.5
166,Beyblade 2,spinning,156,214,246,292,0.9459145665168762,90,Winner,No,0.03333333333333333,5.533333333333333
166,Beyblade 1,spinning,98,311,241,408,0.8603047728538513,143,Loser,No,0.03333333333333333,5.533333333333333
167,Beyblade 2,spinning,155,219,245,297,0.9378889203071594,90,Winner,No,0.03333333333333333,5.566666666666666
167,Beyblade 1,spinning,98,310,241,407,0.8327009677886963,143,Loser,No,0.03333333333333333,5.566666666666666
168,Beyblade 2,spinning,154,224,243,301,0.9555679559707642,89,Winner,No,0.03333333333333333,5.6
168,Beyblade 1,spinning,97,308,243,407,0.8342275023460388,146,Loser,No,0.03333333333333333,5.6
169,Beyblade 2,spinning,152,229,242,305,0.9348958134651184,90,Winner,No,0.03333333333333333,5.633333333333333
169,Beyblade 1,spinning,96,307,237,404,0.8342798352241516,141,Loser,No,0.03333333333333333,5.633333333333333
170,Beyblade 2,spinning,153,230,242,305,0.9315618276596069,89,Winner,No,0.03333333333333333,5.666666666666667
170,Beyblade 1,spinning,91,307,233,402,0.8875730037689209,142,Loser,No,0.03333333333333333,5.666666666666667
171,Beyblade 2,spinning,169,215,257,292,0.9527515769004822,88,Winner,No,0.03333333333333333,5.7
171,Beyblade 1,spinning,71,319,215,406,0.8641099333763123,144,Loser,No,0.03333333333333333,5.7
172,Beyblade 2,spinning,180,203,269,280,0.9414613246917725,89,Winner,No,0.03333333333333333,5.733333333333333
172,Beyblade 1,spinning,56,327,206,411,0.6183252334594727,150,Loser,No,0.03333333333333333,5.733333333333333
173,Beyblade 2,spinning,188,195,277,269,0.9126783013343811,89,Winner,No,0.03333333333333333,5.766666666666667
173,Beyblade 1,spinning,47,334,194,434,0.6259114146232605,147,Loser,No,0.03333333333333333,5.766666666666667
174,Beyblade 2,spinning,193,191,280,267,0.9461708664894104,87,Winner,No,0.03333333333333333,5.8
174,Beyblade 1,spinning,45,338,188,435,0.6730049252510071,143,Loser,No,0.03333333333333333,5.8
175,Beyblade 2,spinning,194,190,282,265,0.9530311822891235,88,Winner,No,0.03333333333333333,5.833333333333333
175,Beyblade 1,spinning,46,340,185,434,0.776188850402832,139,Loser,No,0.03333333333333333,5.833333333333333
176,Beyblade 2,spinning,192,193,280,268,0.9489803910255432,88,Winner,No,0.03333333333333333,5.866666666666666
176,Beyblade 1,spinning,45,340,185,434,0.705945611000061,140,Loser,No,0.03333333333333333,5.866666666666666
177,Beyblade 2,spinning,189,196,278,270,0.9629467725753784,89,Winner,No,0.03333333333333333,5.9
177,Beyblade 1,spinning,46,337,187,433,0.736480176448822,141,Loser,No,0.03333333333333333,5.9
178,Beyblade 2,spinning,185,201,274,275,0.9277694821357727,89,Winner,No,0.03333333333333333,5.933333333333334
178,Beyblade 1,spinning,42,335,189,430,0.7252688407897949,147,Loser,No,0.03333333333333333,5.933333333333334
179,Beyblade 2,spinning,182,207,268,280,0.9464136958122253,86,Winner,No,0.03333333333333333,5.966666666666667
179,Beyblade 1,spinning,46,333,194,416,0.6603347659111023,148,Loser,No,0.03333333333333333,5.966666666666667
180,Beyblade 2,spinning,177,212,265,285,0.9215269088745117,88,Winner,No,0.03333333333333333,6.0
180,Beyblade 1,spinning,50,329,198,411,0.7414060831069946,148,Loser,No,0.03333333333333333,6.0
181,Beyblade 2,spinning,170,217,260,291,0.9192206263542175,90,Winner,No,0.03333333333333333,6.033333333333333
181,Beyblade 1,spinning,56,323,202,409,0.7928219437599182,146,Loser,No,0.03333333333333333,6.033333333333333
182,Beyblade 2,spinning,166,222,255,295,0.9523133039474487,89,Winner,No,0.03333333333333333,6.066666666666666
182,Beyblade 1,spinning,60,319,203,406,0.8711392879486084,143,Loser,No,0.03333333333333333,6.066666666666666
183,Beyblade 2,spinning,162,227,252,300,0.9284603595733643,90,Winner,No,0.03333333333333333,6.1
183,Beyblade 1,spinning,62,312,206,406,0.8627331256866455,144,Loser,No,0.03333333333333333,6.1
184,Beyblade 2,spinning,156,233,247,305,0.9475880861282349,91,Winner,No,0.03333333333333333,6.133333333333333
184,Beyblade 1,spinning,66,307,211,404,0.8558086156845093,145,Loser,No,0.03333333333333333,6.133333333333333
185,Beyblade 2,spinning,153,239,243,310,0.9436090588569641,90,Winner,Yes,0.03333333333333333,6.166666666666667
185,Beyblade 1,spinning,67,298,212,398,0.8797823786735535,145,Loser,Yes,0.03333333333333333,6.166666666666667
186,Beyblade 2,spinning,177,227,265,299,0.9159584045410156,88,Winner,No,0.03333333333333333,6.2
186,Beyblade 1,spinning,34,305,181,400,0.6738440990447998,147,Loser,No,0.03333333333333333,6.2
187,Beyblade 2,spinning,201,219,287,287,0.908893883228302,86,Winner,No,0.03333333333333333,6.233333333333333
187,Beyblade 1,spinning,11,312,155,398,0.7234571576118469,144,Loser,No,0.03333333333333333,6.233333333333333
188,Beyblade 2,spinning,221,219,308,285,0.9170283675193787,87,Winner,No,0.03333333333333333,6.266666666666667
188,Beyblade 1,spinning,5,315,136,397,0.698492169380188,131,Loser,No,0.03333333333333333,6.266666666666667
189,Beyblade 2,spinning,237,214,324,275,0.9525494575500488,87,Winner,No,0.03333333333333333,6.3
189,Beyblade 1,spinning,0,318,127,396,0.8335333466529846,127,Loser,No,0.03333333333333333,6.3
190,Beyblade 2,spinning,250,213,338,280,0.9136194586753845,88,Winner,No,0.03333333333333333,6.333333333333333
190,Beyblade 1,spinning,0,319,125,398,0.844054102897644,125,Loser,No,0.03333333333333333,6.333333333333333
191,Beyblade 2,spinning,258,213,348,281,0.9432114958763123,90,Winner,No,0.03333333333333333,6.366666666666666
191,Beyblade 1,spinning,0,319,123,402,0.780645489692688,123,Loser,No,0.03333333333333333,6.366666666666666
192,Beyblade 2,spinning,261,217,356,287,0.8966734409332275,95,Winner,No,0.03333333333333333,6.4
192,Beyblade 1,spinning,0,318,119,403,0.8011038303375244,119,Loser,No,0.03333333333333333,6.4
193,Beyblade 2,spinning,257,221,353,289,0.9479604363441467,96,Winner,No,0.03333333333333333,6.433333333333334
193,Beyblade 1,spinning,0,316,119,403,0.7411531209945679,119,Loser,No,0.03333333333333333,6.433333333333334
194,Beyblade 2,spinning,252,225,342,294,0.9359989762306213,90,Winner,No,0.03333333333333333,6.466666666666667
194,Beyblade 1,spinning,0,315,120,402,0.8116536736488342,120,Loser,No,0.03333333333333333,6.466666666666667
195,Beyblade 2,spinning,242,229,333,299,0.9375744462013245,91,Winner,No,0.03333333333333333,6.5
195,Beyblade 1,spinning,0,314,123,401,0.8037753701210022,123,Loser,No,0.03333333333333333,6.5
196,Beyblade 2,spinning,232,233,322,303,0.9490591883659363,90,Winner,No,0.03333333333333333,6.533333333333333
196,Beyblade 1,spinning,0,309,129,396,0.8367539644241333,129,Loser,No,0.03333333333333333,6.533333333333333
197,Beyblade 2,spinning,221,236,313,307,0.9647993445396423,92,Winner,No,0.03333333333333333,6.566666666666666
197,Beyblade 1,spinning,2,304,135,396,0.8612098097801208,133,Loser,No,0.03333333333333333,6.566666666666666
198,Beyblade 2,spinning,212,242,302,308,0.9448466300964355,90,Winner,No,0.03333333333333333,6.6
198,Beyblade 1,spinning,5,299,138,396,0.8398105502128601,133,Loser,No,0.03333333333333333,6.6
199,Beyblade 2,spinning,201,242,292,310,0.9348715543746948,91,Winner,No,0.03333333333333333,6.633333333333333
199,Beyblade 1,spinning,9,295,145,396,0.8146131038665771,136,Loser,No,0.03333333333333333,6.633333333333333
200,Beyblade 2,spinning,190,246,281,312,0.9567758440971375,91,Winner,No,0.03333333333333333,6.666666666666667
200,Beyblade 1,spinning,10,290,147,392,0.8635918498039246,137,Loser,No,0.03333333333333333,6.666666666666667
201,Beyblade 2,spinning,182,247,273,314,0.955114483833313,91,Winner,No,0.03333333333333333,6.7
201,Beyblade 1,spinning,12,285,150,390,0.8448865413665771,138,Loser,No,0.03333333333333333,6.7
202,Beyblade 2,spinning,174,249,266,316,0.9480868577957153,92,Winner,No,0.03333333333333333,6.733333333333333
202,Beyblade 1,spinning,17,278,153,383,0.8417757153511047,136,Loser,No,0.03333333333333333,6.733333333333333
203,Beyblade 2,spinning,167,250,258,317,0.9649653434753418,91,Winner,No,0.03333333333333333,6.766666666666667
203,Beyblade 1,spinning,17,271,155,374,0.8066290616989136,138,Loser,No,0.03333333333333333,6.766666666666667
204,Beyblade 2,spinning,160,253,251,317,0.9461588263511658,91,Winner,No,0.03333333333333333,6.8
204,Beyblade 1,spinning,23,263,159,371,0.8781145215034485,136,Loser,No,0.03333333333333333,6.8
205,Beyblade 2,spinning,153,255,243,318,0.9606403112411499,90,Winner,Yes,0.03333333333333333,6.833333333333333
205,Beyblade 1,spinning,27,259,160,365,0.8853386044502258,133,Loser,Yes,0.03333333333333333,6.833333333333333
206,Beyblade 2,spinning,145,255,238,320,0.9483762383460999,93,Winner,Yes,0.03333333333333333,6.866666666666666
206,Beyblade 1,spinning,30,254,161,360,0.8357316255569458,131,Loser,Yes,0.03333333333333333,6.866666666666666
207,Beyblade 2,spinning,145,256,236,322,0.9370745420455933,91,Winner,Yes,0.03333333333333333,6.8999999999999995
207,Beyblade 1,spinning,31,238,162,359,0.8693495988845825,131,Loser,Yes,0.03333333333333333,6.8999999999999995
208,Beyblade 2,spinning,158,258,246,327,0.9509033560752869,88,Winner,Yes,0.03333333333333333,6.933333333333334
208,Beyblade 1,spinning,25,227,161,350,0.8463342785835266,136,Loser,Yes,0.03333333333333333,6.933333333333334
209,Beyblade 2,spinning,163,259,255,329,0.9597877264022827,92,Winner,No,0.03333333333333333,6.966666666666667
209,Beyblade 1,spinning,26,219,154,339,0.8738155961036682,128,Loser,No,0.03333333333333333,6.966666666666667
210,Beyblade 2,spinning,169,259,259,332,0.9607465863227844,90,Winner,No,0.03333333333333333,7.0
210,Beyblade 1,spinning,30,211,160,330,0.855426549911499,130,Loser,No,0.03333333333333333,7.0
211,Beyblade 2,spinning,171,261,263,335,0.9498469233512878,92,Winner,No,0.03333333333333333,7.033333333333333
211,Beyblade 1,spinning,38,206,168,327,0.8968554139137268,130,Loser,No,0.03333333333333333,7.033333333333333
212,Beyblade 2,spinning,172,261,263,335,0.9279775619506836,91,Winner,Yes,0.03333333333333333,7.066666666666666
212,Beyblade 1,spinning,45,201,174,322,0.8542530536651611,129,Loser,Yes,0.03333333333333333,7.066666666666666
213,Beyblade 2,spinning,171,263,261,335,0.9448381066322327,90,Winner,Yes,0.03333333333333333,7.1
213,Beyblade 1,spinning,57,198,185,319,0.8801125288009644,128,Loser,Yes,0.03333333333333333,7.1
214,Beyblade 2,spinning,168,263,258,335,0.9512526392936707,90,Winner,Yes,0.03333333333333333,7.133333333333333
214,Beyblade 1,spinning,62,199,191,318,0.8419251441955566,129,Loser,Yes,0.03333333333333333,7.133333333333333
215,Beyblade 2,spinning,163,261,255,335,0.9369432926177979,92,Winner,Yes,0.03333333333333333,7.166666666666667
215,Beyblade 1,spinning,73,194,199,319,0.6845966577529907,126,Loser,Yes,0.03333333333333333,7.166666666666667
216,Beyblade 2,spinning,166,266,257,340,0.9417313933372498,91,Winner,Yes,0.03333333333333333,7.2
216,Beyblade 1,spinning,71,188,202,313,0.7346369624137878,131,Loser,Yes,0.03333333333333333,7.2
217,Beyblade 2,spinning,167,269,258,343,0.9267997145652771,91,Winner,Yes,0.03333333333333333,7.233333333333333
217,Beyblade 1,spinning,73,188,205,313,0.7153912782669067,132,Loser,Yes,0.03333333333333333,7.233333333333333
218,Beyblade 2,spinning,165,269,257,342,0.9042182564735413,92,Winner,Yes,0.03333333333333333,7.266666666666667
218,Beyblade 1,spinning,79,187,211,313,0.7385053634643555,132,Loser,Yes,0.03333333333333333,7.266666666666667
219,Beyblade 2,spinning,165,269,255,344,0.9406157732009888,90,Winner,Yes,0.03333333333333333,7.3
219,Beyblade 1,spinning,82,188,215,315,0.682872474193573,133,Loser,Yes,0.03333333333333333,7.3
220,Beyblade 2,spinning,164,271,257,347,0.9432666301727295,93,Winner,Yes,0.03333333333333333,7.333333333333333
220,Beyblade 1,spinning,89,186,223,310,0.7369850277900696,134,Loser,Yes,0.03333333333333333,7.333333333333333
221,Beyblade 2,spinning,165,276,255,352,0.9515717029571533,90,Winner,Yes,0.03333333333333333,7.366666666666666
221,Beyblade 1,spinning,93,184,225,306,0.6654852628707886,132,Loser,Yes,0.03333333333333333,7.366666666666666
222,Beyblade 2,spinning,164,279,255,354,0.9261762499809265,91,Winner,Yes,0.03333333333333333,7.3999999999999995
222,Beyblade 1,spinning,100,185,235,309,0.608718991279602,135,Loser,Yes,0.03333333333333333,7.3999999999999995
223,Beyblade 2,spinning,160,283,254,356,0.9414693713188171,94,Winner,Yes,0.03333333333333333,7.433333333333334
223,Beyblade 1,spinning,109,187,242,313,0.7364298701286316,133,Loser,Yes,0.03333333333333333,7.433333333333334
224,Beyblade 2,spinning,161,292,251,361,0.9212579131126404,90,Winner,Yes,0.03333333333333333,7.466666666666667
224,Beyblade 1,spinning,114,187,246,306,0.764708399772644,132,Loser,Yes,0.03333333333333333,7.466666666666667
225,Beyblade 2,spinning,160,296,252,367,0.9313613772392273,92,Winner,Yes,0.03333333333333333,7.5
225,Beyblade 1,spinning,121,185,252,309,0.7078145146369934,131,Loser,Yes,0.03333333333333333,7.5
226,Beyblade 2,spinning,158,297,250,370,0.8675735592842102,92,Winner,Yes,0.03333333333333333,7.533333333333333
226,Beyblade 1,spinning,123,187,255,305,0.6060162782669067,132,Loser,Yes,0.03333333333333333,7.533333333333333
227,Beyblade 2,spinning,155,303,249,369,0.874007523059845,94,Winner,Yes,0.03333333333333333,7.566666666666666
227,Beyblade 1,spinning,130,192,261,312,0.6787667870521545,131,Loser,Yes,0.03333333333333333,7.566666666666666
228,Beyblade 2,spinning,154,307,249,369,0.8857926726341248,95,Winner,Yes,0.03333333333333333,7.6
228,Beyblade 1,spinning,133,198,264,314,0.7107356190681458,131,Loser,Yes,0.03333333333333333,7.6
229,Beyblade 2,spinning,152,305,248,369,0.8504331707954407,96,Winner,Yes,0.03333333333333333,7.633333333333333
229,Beyblade 1,spinning,141,201,268,322,0.7013247609138489,127,Loser,Yes,0.03333333333333333,7.633333333333333
230,Beyblade 2,spinning,148,309,241,374,0.877698540687561,93,Winner,Yes,0.03333333333333333,7.666666666666667
230,Beyblade 1,spinning,146,206,272,320,0.857647716999054,126,Loser,Yes,0.03333333333333333,7.666666666666667
231,Beyblade 2,spinning,142,312,238,376,0.8930478096008301,96,Winner,Yes,0.03333333333333333,7.7
231,Beyblade 1,spinning,155,210,274,322,0.8450087308883667,119,Loser,Yes,0.03333333333333333,7.7
232,Beyblade 2,spinning,137,311,228,377,0.9069240689277649,91,Winner,Yes,0.03333333333333333,7.733333333333333
232,Beyblade 1,spinning,157,214,278,329,0.8126966953277588,121,Loser,Yes,0.03333333333333333,7.733333333333333
233,Beyblade 2,spinning,129,314,221,378,0.9277786612510681,92,Winner,Yes,0.03333333333333333,7.766666666666667
233,Beyblade 1,spinning,167,221,287,345,0.8161535263061523,120,Loser,Yes,0.03333333333333333,7.766666666666667
234,Beyblade 2,spinning,124,314,215,378,0.9299113750457764,91,Winner,Yes,0.03333333333333333,7.8
234,Beyblade 1,spinning,170,226,288,350,0.8600456118583679,118,Loser,Yes,0.03333333333333333,7.8
235,Beyblade 2,spinning,120,313,211,377,0.898099422454834,91,Winner,Yes,0.03333333333333333,7.833333333333333
235,Beyblade 1,spinning,174,236,294,361,0.8596475124359131,120,Loser,Yes,0.03333333333333333,7.833333333333333
236,Beyblade 2,spinning,114,315,204,377,0.8743836879730225,90,Winner,Yes,0.03333333333333333,7.866666666666666
236,Beyblade 1,spinning,175,246,296,366,0.8694947361946106,121,Loser,Yes,0.03333333333333333,7.866666666666666
237,Beyblade 2,spinning,103,316,196,376,0.8800090551376343,93,Winner,Yes,0.03333333333333333,7.8999999999999995
237,Beyblade 1,spinning,184,250,307,377,0.8590753674507141,123,Loser,Yes,0.03333333333333333,7.8999999999999995
238,Beyblade 2,spinning,94,315,185,376,0.9324108958244324,91,Winner,Yes,0.03333333333333333,7.933333333333334
238,Beyblade 1,spinning,183,257,316,390,0.7786687016487122,133,Loser,Yes,0.03333333333333333,7.933333333333334
239,Beyblade 2,spinning,87,315,179,376,0.9233244061470032,92,Winner,No,0.03333333333333333,7.966666666666667
239,Beyblade 1,spinning,186,261,323,396,0.8022435903549194,137,Loser,No,0.03333333333333333,7.966666666666667
240,Beyblade 2,spinning,81,314,172,374,0.9366198182106018,91,Winner,No,0.03333333333333333,8.0
240,Beyblade 1,spinning,189,270,325,394,0.7830285429954529,136,Loser,No,0.03333333333333333,8.0
241,Beyblade 2,spinning,77,308,169,372,0.943261444568634,92,Winner,No,0.03333333333333333,8.033333333333333
241,Beyblade 1,spinning,190,268,323,392,0.8490315079689026,133,Loser,No,0.03333333333333333,8.033333333333333
242,Beyblade 2,spinning,77,304,166,369,0.9636139273643494,89,Winner,No,0.03333333333333333,8.066666666666666
242,Beyblade 1,spinning,187,276,325,381,0.9071794152259827,138,Loser,No,0.03333333333333333,8.066666666666666
243,Beyblade 2,spinning,74,303,164,368,0.9547964930534363,90,Winner,No,0.03333333333333333,8.1
243,Beyblade 1,spinning,182,267,313,390,0.9018647074699402,131,Loser,No,0.03333333333333333,8.1
244,Beyblade 2,spinning,74,298,164,365,0.9406939148902893,90,Winner,No,0.03333333333333333,8.133333333333333
244,Beyblade 1,spinning,178,265,306,377,0.9263348579406738,128,Loser,No,0.03333333333333333,8.133333333333333
245,Beyblade 2,spinning,77,295,164,365,0.9198486804962158,87,Winner,No,0.03333333333333333,8.166666666666666
245,Beyblade 1,spinning,166,262,300,376,0.8685245513916016,134,Loser,No,0.03333333333333333,8.166666666666666
246,Beyblade 2,spinning,78,292,164,362,0.9408613443374634,86,Winner,Yes,0.03333333333333333,8.2
246,Beyblade 1,spinning,160,256,290,363,0.9357407689094543,130,Loser,Yes,0.03333333333333333,8.2
247,Beyblade 2,spinning,79,287,165,361,0.9434381723403931,86,Winner,Yes,0.03333333333333333,8.233333333333333
247,Beyblade 1,spinning,160,253,290,362,0.8891357183456421,130,Loser,Yes,0.03333333333333333,8.233333333333333
248,Beyblade 2,spinning,83,282,165,359,0.9094247221946716,82,Winner,Yes,0.03333333333333333,8.266666666666666
248,Beyblade 1,spinning,157,245,288,354,0.8993510603904724,131,Loser,Yes,0.03333333333333333,8.266666666666666
249,Beyblade 2,spinning,83,279,166,355,0.9339852333068848,83,Winner,Yes,0.03333333333333333,8.3
249,Beyblade 1,spinning,161,239,288,351,0.9101248383522034,127,Loser,Yes,0.03333333333333333,8.3
250,Beyblade 2,spinning,85,274,167,352,0.9437762498855591,82,Winner,Yes,0.03333333333333333,8.333333333333334
250,Beyblade 1,spinning,161,236,290,348,0.9189066886901855,129,Loser,Yes,0.03333333333333333,8.333333333333334
251,Beyblade 2,spinning,88,271,169,351,0.9151155352592468,81,Winner,Yes,0.03333333333333333,8.366666666666667
251,Beyblade 1,spinning,158,229,289,344,0.9009100794792175,131,Loser,Yes,0.03333333333333333,8.366666666666667
252,Beyblade 2,spinning,91,268,172,347,0.8960093259811401,81,Winner,Yes,0.03333333333333333,8.4
252,Beyblade 1,spinning,163,223,290,341,0.8861846327781677,127,Loser,Yes,0.03333333333333333,8.4
253,Beyblade 2,spinning,92,264,175,348,0.9558131694793701,83,Winner,Yes,0.03333333333333333,8.433333333333334
253,Beyblade 1,spinning,166,222,290,340,0.8703302145004272,124,Loser,Yes,0.03333333333333333,8.433333333333334
254,Beyblade 2,spinning,97,262,178,348,0.9151243567466736,81,Winner,Yes,0.03333333333333333,8.466666666666667
254,Beyblade 1,spinning,157,216,288,334,0.8721612095832825,131,Loser,Yes,0.03333333333333333,8.466666666666667
255,Beyblade 2,spinning,99,258,179,345,0.8909914493560791,80,Winner,Yes,0.03333333333333333,8.5
255,Beyblade 1,spinning,160,212,291,333,0.8865612745285034,131,Loser,Yes,0.03333333333333333,8.5
256,Beyblade 2,spinning,101,255,182,344,0.8883908987045288,81,Winner,Yes,0.03333333333333333,8.533333333333333
256,Beyblade 1,spinning,161,214,289,328,0.8446819186210632,128,Loser,Yes,0.03333333333333333,8.533333333333333
257,Beyblade 2,spinning,103,253,184,343,0.9681458473205566,81,Winner,Yes,0.03333333333333333,8.566666666666666
257,Beyblade 1,spinning,163,210,293,328,0.8556200265884399,130,Loser,Yes,0.03333333333333333,8.566666666666666
258,Beyblade 2,spinning,106,249,184,339,0.968572735786438,78,Winner,Yes,0.03333333333333333,8.6
258,Beyblade 1,spinning,171,205,300,326,0.7509257197380066,129,Loser,Yes,0.03333333333333333,8.6
259,Beyblade 2,spinning,102,247,184,335,0.9543309211730957,82,Winner,Yes,0.03333333333333333,8.633333333333333
259,Beyblade 1,spinning,182,203,309,333,0.5604788064956665,127,Loser,Yes,0.03333333333333333,8.633333333333333
260,Beyblade 2,spinning,106,237,186,325,0.9638689160346985,80,Winner,No,0.03333333333333333,8.666666666666666
260,Beyblade 1,spinning,191,206,316,336,0.5473799705505371,125,Loser,No,0.03333333333333333,8.666666666666666
261,Beyblade 2,spinning,107,231,192,319,0.9537755846977234,85,Winner,Yes,0.03333333333333333,8.7
261,Beyblade 1,spinning,188,208,320,336,0.5733376145362854,132,Loser,Yes,0.03333333333333333,8.7
262,Beyblade 2,spinning,113,223,195,312,0.9466250538825989,82,Winner,Yes,0.03333333333333333,8.733333333333333
262,Beyblade 1,spinning,189,208,323,338,0.6694855093955994,134,Loser,Yes,0.03333333333333333,8.733333333333333
263,Beyblade 2,spinning,118,218,198,305,0.9420564770698547,80,Winner,Yes,0.03333333333333333,8.766666666666666
263,Beyblade 1,spinning,198,211,322,339,0.5968857407569885,124,Loser,Yes,0.03333333333333333,8.766666666666666
264,Beyblade 2,spinning,125,213,202,303,0.9392056465148926,77,Winner,Yes,0.03333333333333333,8.8
264,Beyblade 1,spinning,198,210,323,340,0.6319403648376465,125,Loser,Yes,0.03333333333333333,8.8
265,Beyblade 1,stop,193,214,320,347,0.6886647343635559,127,Loser,No,0.03333333333333333,8.833333333333334
265,Beyblade 2,spinning,134,202,217,298,0.6630423665046692,83,Winner,No,0.03333333333333333,8.833333333333334
265,,stop,134,203,217,297,0.29642167687416077,83,,No,0.03333333333333333,8.833333333333334
266,Beyblade 2,spinning,143,188,225,277,0.9313613772392273,82,Winner,No,0.03333333333333333,8.866666666666667
266,Beyblade 1,stop,197,220,306,353,0.5132449865341187,109,Loser,No,0.03333333333333333,8.866666666666667
266,,spinning,198,220,307,353,0.4810139536857605,109,,No,0.03333333333333333,8.866666666666667
267,Beyblade 1,stop,172,237,312,366,0.7605867385864258,140,Loser,No,0.03333333333333333,8.9
267,Beyblade 2,spinning,155,174,239,264,0.7166423201560974,84,Winner,No,0.03333333333333333,8.9
268,Beyblade 2,spinning,162,162,248,254,0.9315724968910217,86,Winner,No,0.03333333333333333,8.933333333333334
268,Beyblade 1,stop,179,254,297,390,0.476838618516922,118,Loser,No,0.03333333333333333,8.933333333333334
268,,spinning,180,253,296,389,0.40446218848228455,116,,No,0.03333333333333333,8.933333333333334
269,Beyblade 2,spinning,174,155,259,245,0.8373933434486389,85,Winner,No,0.03333333333333333,8.966666666666667
269,Beyblade 1,stop,154,283,289,380,0.5137683749198914,135,Loser,No,0.03333333333333333,8.966666666666667
269,,spinning,157,284,291,380,0.4604102373123169,134,,No,0.03333333333333333,8.966666666666667
270,,spinning,182,151,266,240,0.9535812735557556,84,,No,0.03333333333333333,9.0
271,Beyblade 1,stop,118,291,259,405,0.9777881503105164,141,Loser,No,0.03333333333333333,9.033333333333333
271,Beyblade 2,spinning,189,148,273,236,0.9047411680221558,84,Winner,No,0.03333333333333333,9.033333333333333
272,,spinning,193,150,279,238,0.963495135307312,86,,No,0.03333333333333333,9.066666666666666
273,Beyblade 2,spinning,197,153,284,241,0.871947169303894,87,Winner,No,0.03333333333333333,9.1
273,Beyblade 1,spinning,85,311,210,421,0.4555143415927887,125,Loser,No,0.03333333333333333,9.1
274,,spinning,201,160,285,246,0.9014846682548523,84,,No,0.03333333333333333,9.133333333333333
275,,spinning,201,166,289,253,0.9040132164955139,88,,No,0.03333333333333333,9.166666666666666
276,Beyblade 2,spinning,202,175,287,262,0.9203137159347534,85,Winner,No,0.03333333333333333,9.2
276,Beyblade 1,stop,35,305,176,441,0.9176056981086731,141,Loser,No,0.03333333333333333,9.2
277,Beyblade 2,spinning,202,183,290,271,0.9370136260986328,88,Winner,No,0.03333333333333333,9.233333333333333
277,Beyblade 1,stop,30,320,165,427,0.8525691032409668,135,Loser,No,0.03333333333333333,9.233333333333333
278,Beyblade 2,spinning,202,196,289,284,0.9499987959861755,87,Winner,No,0.03333333333333333,9.266666666666666
278,Beyblade 1,spinning,41,331,160,389,0.7972267270088196,119,Loser,No,0.03333333333333333,9.266666666666666
279,Beyblade 2,spinning,205,209,290,296,0.9654840230941772,85,Winner,No,0.03333333333333333,9.3
279,Beyblade 1,stop,29,306,153,401,0.8839125037193298,124,Loser,No,0.03333333333333333,9.3
280,Beyblade 1,stop,31,282,151,405,0.9714824557304382,120,Loser,No,0.03333333333333333,9.333333333333334
280,Beyblade 2,spinning,204,224,291,313,0.960858166217804,87,Winner,No,0.03333333333333333,9.333333333333334
281,Beyblade 1,stop,34,275,161,402,0.9753908514976501,127,Loser,No,0.03333333333333333,9.366666666666667
281,Beyblade 2,spinning,208,238,293,326,0.9666876196861267,85,Winner,No,0.03333333333333333,9.366666666666667
282,Beyblade 2,spinning,209,250,296,341,0.9402315020561218,87,Winner,No,0.03333333333333333,9.4
282,Beyblade 1,stop,29,265,160,391,0.9066896438598633,131,Loser,No,0.03333333333333333,9.4
283,Beyblade 1,stop,42,259,165,387,0.9404619932174683,123,Loser,No,0.03333333333333333,9.433333333333334
283,Beyblade 2,spinning,208,264,299,355,0.877214252948761,91,Winner,No,0.03333333333333333,9.433333333333334
284,Beyblade 1,stop,54,259,169,381,0.9578925371170044,115,Loser,No,0.03333333333333333,9.466666666666667
284,Beyblade 2,spinning,215,278,303,369,0.9001040458679199,88,Winner,No,0.03333333333333333,9.466666666666667
285,Beyblade 1,stop,62,252,171,364,0.9520658254623413,109,Loser,No,0.03333333333333333,9.5
285,Beyblade 2,spinning,221,292,305,381,0.9341714382171631,84,Winner,No,0.03333333333333333,9.5
286,Beyblade 1,stop,65,248,186,354,0.9845905303955078,121,Loser,No,0.03333333333333333,9.533333333333333
286,Beyblade 2,spinning,222,303,309,395,0.9015339016914368,87,Winner,No,0.03333333333333333,9.533333333333333
287,Beyblade 1,stop,75,250,192,349,0.958807110786438,117,Loser,No,0.03333333333333333,9.566666666666666
287,Beyblade 2,spinning,223,312,312,404,0.7174347043037415,89,Winner,No,0.03333333333333333,9.566666666666666
288,Beyblade 1,stop,77,248,199,335,0.9438300728797913,122,Loser,No,0.03333333333333333,9.6
288,Beyblade 2,spinning,227,321,315,404,0.6935856938362122,88,Winner,No,0.03333333333333333,9.6
289,Beyblade 1,stop,77,245,200,327,0.9049879908561707,123,Loser,No,0.03333333333333333,9.633333333333333
289,Beyblade 2,spinning,231,331,315,413,0.561299204826355,84,Winner,No,0.03333333333333333,9.633333333333333
290,Beyblade 1,stop,77,242,201,323,0.948815643787384,124,Loser,No,0.03333333333333333,9.666666666666666
290,Beyblade 2,spinning,236,335,314,417,0.43418729305267334,78,Winner,No,0.03333333333333333,9.666666666666666
291,Beyblade 1,stop,79,242,202,322,0.9686680436134338,123,Loser,No,0.03333333333333333,9.7
291,Beyblade 2,spinning,231,338,313,417,0.7509926557540894,82,Winner,No,0.03333333333333333,9.7
292,Beyblade 1,stop,80,243,203,320,0.9623416662216187,123,Loser,No,0.03333333333333333,9.733333333333333
292,Beyblade 2,spinning,227,339,309,413,0.45359817147254944,82,Winner,No,0.03333333333333333,9.733333333333333
293,Beyblade 1,stop,83,243,205,321,0.9555372595787048,122,Loser,No,0.03333333333333333,9.766666666666666
293,Beyblade 2,spinning,224,339,304,406,0.4730486273765564,80,Winner,No,0.03333333333333333,9.766666666666666
294,Beyblade 1,stop,83,243,206,322,0.94609135389328,123,Loser,No,0.03333333333333333,9.8
294,Beyblade 2,spinning,215,340,301,408,0.3354547917842865,86,Winner,No,0.03333333333333333,9.8
295,Beyblade 1,stop,84,243,206,324,0.9449708461761475,122,Loser,No,0.03333333333333333,9.833333333333334
295,Beyblade 2,stop,206,337,294,404,0.3638649582862854,88,Winner,No,0.03333333333333333,9.833333333333334
296,Beyblade 1,stop,86,242,206,329,0.9336626529693604,120,Loser,No,0.03333333333333333,9.866666666666667
296,Beyblade 2,stop,196,339,289,405,0.7817460894584656,93,Winner,No,0.03333333333333333,9.866666666666667
297,Beyblade 1,stop,87,242,207,330,0.9526324272155762,120,Loser,No,0.03333333333333333,9.9
297,,stop,189,339,281,403,0.5567155480384827,92,,No,0.03333333333333333,9.9
297,Beyblade 2,spinning,189,340,280,403,0.382213294506073,91,Winner,No,0.03333333333333333,9.9
298,Beyblade 1,stop,87,242,207,331,0.9498618245124817,120,Loser,No,0.03333333333333333,9.933333333333334
298,,stop,178,337,271,399,0.7288879156112671,93,,No,0.03333333333333333,9.933333333333334
298,Beyblade 2,spinning,179,337,271,401,0.4591623544692993,92,Winner,No,0.03333333333333333,9.933333333333334
299,Beyblade 1,stop,87,242,207,330,0.9513975381851196,120,Loser,No,0.03333333333333333,9.966666666666667
299,Beyblade 2,stop,166,332,258,391,0.7128947377204895,92,Winner,No,0.03333333333333333,9.966666666666667
299,,spinning,165,332,259,390,0.5255581140518188,94,,No,0.03333333333333333,9.966666666666667
300,Beyblade 2,stop,147,326,244,388,0.9349337220191956,97,Winner,No,0.03333333333333333,10.0
300,Beyblade 1,stop,87,242,207,330,0.9262295365333557,120,Loser,No,0.03333333333333333,10.0
301,Beyblade 2,stop,132,322,226,381,0.9561227560043335,94,Winner,No,0.03333333333333333,10.033333333333333
301,Beyblade 1,stop,86,243,207,327,0.8676583766937256,121,Loser,No,0.03333333333333333,10.033333333333333
302,Beyblade 2,stop,112,316,209,376,0.9254021644592285,97,Winner,No,0.03333333333333333,10.066666666666666
302,,stop,85,243,208,377,0.9187551140785217,123,,No,0.03333333333333333,10.066666666666666
302,Beyblade 1,stop,85,244,210,319,0.6433634161949158,125,Loser,No,0.03333333333333333,10.066666666666666
303,Beyblade 1,stop,87,242,207,372,0.9405054450035095,120,Loser,No,0.03333333333333333,10.1
303,Beyblade 2,stop,93,313,197,372,0.4464240074157715,104,Winner,No,0.03333333333333333,10.1
304,Beyblade 1,stop,86,239,210,371,0.8666097521781921,124,Loser,No,0.03333333333333333,10.133333333333333
304,Beyblade 2,stop,77,304,168,368,0.8564344048500061,91,Winner,No,0.03333333333333333,10.133333333333333
304,,stop,76,286,200,368,0.6319278478622437,124,,No,0.03333333333333333,10.133333333333333
305,Beyblade 2,stop,57,301,149,363,0.948550820350647,92,Winner,No,0.03333333333333333,10.166666666666666
305,Beyblade 1,stop,91,239,210,329,0.9356162548065186,119,Loser,No,0.03333333333333333,10.166666666666666
306,Beyblade 2,stop,41,288,132,359,0.9721778631210327,91,Winner,No,0.03333333333333333,10.2
306,Beyblade 1,stop,90,239,210,329,0.9392582178115845,120,Loser,No,0.03333333333333333,10.2
307,Beyblade 2,stop,31,284,116,350,0.959949254989624,85,Winner,No,0.03333333333333333,10.233333333333333
307,Beyblade 1,stop,90,239,210,329,0.9508782625198364,120,Loser,No,0.03333333333333333,10.233333333333333
308,Beyblade 2,stop,20,274,103,343,0.960283100605011,83,Winner,No,0.03333333333333333,10.266666666666666
308,Beyblade 1,stop,91,240,210,326,0.9522435069084167,119,Loser,No,0.03333333333333333,10.266666666666666
309,Beyblade 1,stop,90,240,210,325,0.9550701975822449,120,Loser,No,0.03333333333333333,10.3
309,Beyblade 2,stop,15,268,95,337,0.9520670771598816,80,Winner,No,0.03333333333333333,10.3
310,Beyblade 1,stop,90,240,210,326,0.9545714855194092,120,Loser,No,0.03333333333333333,10.333333333333334
310,Beyblade 2,stop,8,261,88,330,0.9356938600540161,80,Winner,No,0.03333333333333333,10.333333333333334
311,Beyblade 2,stop,8,253,84,325,0.9763225317001343,76,Winner,No,0.03333333333333333,10.366666666666667
311,Beyblade 1,stop,90,240,210,326,0.9473005533218384,120,Loser,No,0.03333333333333333,10.366666666666667
312,Beyblade 1,stop,91,239,210,326,0.9560229182243347,119,Loser,No,0.03333333333333333,10.4
312,Beyblade 2,stop,8,244,87,321,0.939861536026001,79,Winner,No,0.03333333333333333,10.4
313,Beyblade 1,stop,91,240,210,325,0.9638351202011108,119,Loser,No,0.03333333333333333,10.433333333333334
313,Beyblade 2,stop,11,236,86,319,0.7500655055046082,75,Winner,No,0.03333333333333333,10.433333333333334
314,Beyblade 1,stop,92,240,210,325,0.9581279754638672,118,Loser,No,0.03333333333333333,10.466666666666667
314,Beyblade 2,stop,14,233,89,315,0.44568783044815063,75,Winner,No,0.03333333333333333,10.466666666666667
314,,spinning,14,233,90,316,0.40860339999198914,76,,No,0.03333333333333333,10.466666666666667
315,Beyblade 1,stop,97,240,209,326,0.93656325340271,112,Loser,No,0.03333333333333333,10.5
315,Beyblade 2,stop,21,227,93,316,0.9096635580062866,72,Winner,No,0.03333333333333333,10.5
316,Beyblade 1,stop,103,240,209,324,0.9072170853614807,106,Loser,No,0.03333333333333333,10.533333333333333
316,Beyblade 2,stop,25,223,113,312,0.8910876512527466,88,Winner,No,0.03333333333333333,10.533333333333333
317,Beyblade 2,stop,37,221,117,310,0.9657285809516907,80,Winner,No,0.03333333333333333,10.566666666666666
317,Beyblade 1,stop,105,240,209,329,0.8897908926010132,104,Loser,No,0.03333333333333333,10.566666666666666
318,Beyblade 1,stop,105,232,213,345,0.9303993582725525,108,Loser,No,0.03333333333333333,10.6
318,Beyblade 2,stop,41,213,127,303,0.907966673374176,86,Winner,No,0.03333333333333333,10.6
319,Beyblade 1,stop,104,229,222,358,0.9113759994506836,118,Loser,No,0.03333333333333333,10.633333333333333
319,Beyblade 2,stop,49,208,134,298,0.8715048432350159,85,Winner,No,0.03333333333333333,10.633333333333333
320,Beyblade 1,stop,104,230,226,366,0.92889404296875,122,Loser,No,0.03333333333333333,10.666666666666666
320,Beyblade 2,stop,57,201,140,290,0.9128082990646362,83,Winner,No,0.03333333333333333,10.666666666666666
321,Beyblade 1,stop,101,234,227,364,0.9043371677398682,126,Loser,No,0.03333333333333333,10.7
321,Beyblade 2,stop,67,196,153,288,0.7369492650032043,86,Winner,No,0.03333333333333333,10.7
322,Beyblade 1,stop,99,235,227,364,0.8857304453849792,128,Loser,No,0.03333333333333333,10.733333333333333
322,,stop,78,189,165,343,0.6164072155952454,87,,No,0.03333333333333333,10.733333333333333
322,Beyblade 2,stop,79,190,164,286,0.47887322306632996,85,Winner,No,0.03333333333333333,10.733333333333333
323,,stop,100,235,227,364,0.8828146457672119,127,,No,0.03333333333333333,10.766666666666666
324,Beyblade 1,stop,104,232,228,368,0.9191544651985168,124,Loser,No,0.03333333333333333,10.8
324,Beyblade 2,stop,105,183,190,352,0.2846476435661316,85,Winner,No,0.03333333333333333,10.8
325,Beyblade 1,stop,107,226,228,367,0.833348274230957,121,Loser,No,0.03333333333333333,10.833333333333334
325,Beyblade 2,stop,115,180,207,356,0.40028759837150574,92,Winner,No,0.03333333333333333,10.833333333333334
326,Beyblade 1,stop,110,238,228,364,0.7922477126121521,118,Loser,No,0.03333333333333333,10.866666666666667
326,,stop,112,190,228,368,0.5854350924491882,116,,No,0.03333333333333333,10.866666666666667
326,Beyblade 2,stop,128,182,219,268,0.43183618783950806,91,Winner,No,0.03333333333333333,10.866666666666667
326,,stop,128,182,220,332,0.28318747878074646,92,,No,0.03333333333333333,10.866666666666667
327,Beyblade 1,stop,110,239,228,363,0.8285565376281738,118,Loser,No,0.03333333333333333,10.9
327,,stop,134,184,233,344,0.45238780975341797,99,,No,0.03333333333333333,10.9
327,,stop,113,180,231,369,0.3865419030189514,118,,No,0.03333333333333333,10.9
327,Beyblade 2,stop,151,185,233,275,0.3737155497074127,82,Winner,No,0.03333333333333333,10.9
328,Beyblade 1,stop,110,240,229,363,0.8831832408905029,119,Loser,No,0.03333333333333333,10.933333333333334
328,Beyblade 2,stop,155,185,244,273,0.40199658274650574,89,Winner,No,0.03333333333333333,10.933333333333334
329,Beyblade 1,stop,109,241,229,364,0.9107334017753601,120,Loser,No,0.03333333333333333,10.966666666666667
329,Beyblade 2,stop,173,187,258,273,0.3246271014213562,85,Winner,No,0.03333333333333333,10.966666666666667
330,Beyblade 1,stop,109,239,228,364,0.9158746600151062,119,Loser,No,0.03333333333333333,11.0
330,Beyblade 2,stop,186,188,271,278,0.5257102847099304,85,Winner,No,0.03333333333333333,11.0
331,Beyblade 1,stop,108,235,230,367,0.9342566132545471,122,Loser,No,0.03333333333333333,11.033333333333333
331,Beyblade 2,stop,199,193,285,281,0.8990870714187622,86,Winner,No,0.03333333333333333,11.033333333333333
332,Beyblade 2,stop,210,200,293,287,0.9706803560256958,83,Winner,No,0.03333333333333333,11.066666666666666
332,Beyblade 1,stop,108,235,230,366,0.9460079073905945,122,Loser,No,0.03333333333333333,11.066666666666666
333,Beyblade 2,stop,221,205,301,295,0.9779309034347534,80,Winner,No,0.03333333333333333,11.1
333,Beyblade 1,stop,109,237,229,364,0.9320499300956726,120,Loser,No,0.03333333333333333,11.1
334,Beyblade 2,stop,227,213,308,302,0.9462018013000488,81,Winner,No,0.03333333333333333,11.133333333333333
334,Beyblade 1,stop,109,235,231,368,0.9381197690963745,122,Loser,No,0.03333333333333333,11.133333333333333
335,Beyblade 2,stop,235,225,313,313,0.9798593521118164,78,Winner,No,0.03333333333333333,11.166666666666666
335,Beyblade 1,stop,110,235,231,368,0.9388806819915771,121,Loser,No,0.03333333333333333,11.166666666666666
336,Beyblade 2,stop,238,230,317,319,0.9746260046958923,79,Winner,No,0.03333333333333333,11.2
336,Beyblade 1,stop,110,237,228,364,0.9386632442474365,118,Loser,No,0.03333333333333333,11.2
337,Beyblade 2,stop,245,241,321,327,0.9533641338348389,76,Winner,No,0.03333333333333333,11.233333333333333
337,Beyblade 1,stop,110,234,230,368,0.9475738406181335,120,Loser,No,0.03333333333333333,11.233333333333333
338,Beyblade 2,stop,245,251,324,335,0.9718599319458008,79,Winner,No,0.03333333333333333,11.266666666666666
338,Beyblade 1,stop,110,235,229,368,0.9530274868011475,119,Loser,No,0.03333333333333333,11.266666666666666
