Frame,Condition,X1,Y1,X2,Y2,Confidence,Width,Beyblade Type,Status,Match Duration for All Frames (seconds)
1,stop,185,110,319,194,0.9585429430007935,134,Beyblade 1,Loser,11.3
1,stop,69,251,139,311,0.8966748714447021,70,Beyblade 2,Winner,11.3
2,stop,185,110,318,194,0.9301040172576904,133,Beyblade 1,Loser,11.3
2,stop,70,250,139,310,0.8735688924789429,69,Beyblade 2,Winner,11.3
3,stop,190,107,325,201,0.8840171694755554,135,Beyblade 1,Loser,11.3
3,stop,71,250,140,310,0.8376121520996094,69,Beyblade 2,Winner,11.3
4,stop,183,111,328,200,0.8745594620704651,145,Beyblade 1,Loser,11.3
4,stop,71,250,142,312,0.8194183707237244,71,Beyblade 2,Winner,11.3
5,stop,71,252,141,312,0.8356452584266663,70,,,11.3
6,stop,72,252,141,312,0.8751589059829712,69,,,11.3
7,stop,69,251,146,312,0.4983031749725342,77,Beyblade 2,Winner,11.3
7,stop,151,35,301,179,0.42395639419555664,150,Beyblade 1,Loser,11.3
8,stop,45,242,151,302,0.5498375296592712,106,Beyblade 2,Winner,11.3
8,stop,141,89,293,199,0.5214009284973145,152,Beyblade 1,Loser,11.3
8,stop,44,183,153,303,0.4874558448791504,109,,,11.3
9,stop,53,177,161,301,0.6637944579124451,108,,,11.3
9,stop,53,227,160,301,0.6266927123069763,107,Beyblade 2,Winner,11.3
9,stop,133,108,274,224,0.49010568857192993,141,Beyblade 1,Loser,11.3
9,spinning,134,108,275,226,0.3363610506057739,141,,,11.3
10,stop,58,203,163,302,0.8449062705039978,105,Beyblade 2,Winner,11.3
10,stop,142,140,258,249,0.5331358909606934,116,Beyblade 1,Loser,11.3
10,stop,59,161,164,306,0.38973692059516907,105,,,11.3
11,stop,76,164,187,288,0.26424264907836914,111,,,11.3
12,stop,70,147,235,302,0.654538631439209,165,Beyblade 1,Loser,11.3
12,stop,88,226,193,295,0.4085848331451416,105,Beyblade 2,Winner,11.3
13,spinning,109,238,208,314,0.8910046219825745,99,Beyblade 2,Winner,11.3
13,stop,48,142,219,288,0.4971875548362732,171,Beyblade 1,Loser,11.3
14,spinning,126,266,223,345,0.9361175298690796,97,,,11.3
15,spinning,142,296,238,375,0.942879855632782,96,Beyblade 2,Winner,11.3
15,spinning,57,180,187,285,0.6216622591018677,130,Beyblade 1,Loser,11.3
16,spinning,166,269,261,347,0.9253718852996826,95,Beyblade 2,Winner,11.3
16,spinning,51,178,188,288,0.7441591620445251,137,Beyblade 1,Loser,11.3
17,spinning,194,249,284,326,0.9500179290771484,90,Beyblade 2,Winner,11.3
17,spinning,49,190,187,298,0.7829663157463074,138,Beyblade 1,Loser,11.3
18,spinning,214,242,306,319,0.9435098171234131,92,Beyblade 2,Winner,11.3
18,spinning,53,205,188,310,0.8381038308143616,135,Beyblade 1,Loser,11.3
19,spinning,236,245,329,321,0.9133095741271973,93,Beyblade 2,Winner,11.3
19,spinning,62,209,199,316,0.8790603876113892,137,Beyblade 1,Loser,11.3
20,spinning,254,259,345,336,0.9510945081710815,91,Beyblade 2,Winner,11.3
20,spinning,71,225,207,335,0.8767806887626648,136,Beyblade 1,Loser,11.3
21,spinning,269,267,357,345,0.9378484487533569,88,Beyblade 2,Winner,11.3
21,spinning,82,224,219,334,0.8871748447418213,137,Beyblade 1,Loser,11.3
22,spinning,280,259,360,335,0.9643709659576416,80,Beyblade 2,Winner,11.3
22,spinning,93,234,228,344,0.9266031980514526,135,Beyblade 1,Loser,11.3
23,spinning,288,260,360,336,0.9654741287231445,72,Beyblade 2,Winner,11.3
23,spinning,109,231,243,343,0.9097809791564941,134,Beyblade 1,Loser,11.3
24,spinning,286,248,360,323,0.9637138843536377,74,Beyblade 2,Winner,11.3
24,spinning,124,236,260,348,0.8833624720573425,136,Beyblade 1,Loser,11.3
25,spinning,284,246,360,322,0.9537525177001953,76,Beyblade 2,Winner,11.3
25,spinning,140,235,277,348,0.8676064014434814,137,Beyblade 1,Loser,11.3
26,spinning,278,238,360,314,0.9215810894966125,82,Beyblade 2,Winner,11.3
26,spinning,153,233,287,341,0.8650832176208496,134,Beyblade 1,Loser,11.3
27,spinning,297,229,360,303,0.9347105026245117,63,Beyblade 2,Winner,11.3
27,spinning,131,229,268,337,0.8795356154441833,137,Beyblade 1,Loser,11.3
28,spinning,115,229,250,336,0.8789147138595581,135,Beyblade 1,Loser,11.3
28,spinning,316,218,360,290,0.8304508924484253,44,Beyblade 2,Winner,11.3
29,spinning,102,228,237,334,0.8645793795585632,135,Beyblade 1,Loser,11.3
29,spinning,316,208,360,281,0.6961392760276794,44,Beyblade 2,Winner,11.3
30,spinning,90,227,226,332,0.9155924916267395,136,Beyblade 1,Loser,11.3
30,spinning,308,207,360,282,0.8757627010345459,52,Beyblade 2,Winner,11.3
31,spinning,299,205,360,280,0.9126308560371399,61,Beyblade 2,Winner,11.3
31,spinning,82,226,220,330,0.906565248966217,138,Beyblade 1,Loser,11.3
32,spinning,286,206,360,281,0.9373264908790588,74,Beyblade 2,Winner,11.3
32,spinning,79,225,216,330,0.9199388027191162,137,Beyblade 1,Loser,11.3
33,spinning,267,205,356,281,0.9422594308853149,89,Beyblade 2,Winner,11.3
33,spinning,79,229,216,334,0.8951265811920166,137,Beyblade 1,Loser,11.3
34,spinning,81,234,219,338,0.9185442328453064,138,Beyblade 1,Loser,11.3
34,spinning,251,204,341,279,0.9045766592025757,90,Beyblade 2,Winner,11.3
35,spinning,229,204,321,280,0.9295773506164551,92,Beyblade 2,Winner,11.3
35,spinning,90,242,226,347,0.8750667572021484,136,Beyblade 1,Loser,11.3
36,spinning,206,204,299,278,0.9283660650253296,93,Beyblade 2,Winner,11.3
36,spinning,102,254,237,356,0.8845228552818298,135,Beyblade 1,Loser,11.3
37,spinning,195,196,286,272,0.9407572150230408,91,Beyblade 2,Winner,11.3
37,spinning,103,266,240,370,0.9095572233200073,137,Beyblade 1,Loser,11.3
38,spinning,183,192,277,267,0.930071234703064,94,Beyblade 2,Winner,11.3
38,spinning,103,277,240,382,0.9140288829803467,137,Beyblade 1,Loser,11.3
39,spinning,174,189,265,264,0.9371188282966614,91,Beyblade 2,Winner,11.3
39,spinning,103,288,241,397,0.899032711982727,138,Beyblade 1,Loser,11.3
40,spinning,162,188,253,263,0.9495713114738464,91,Beyblade 2,Winner,11.3
40,spinning,105,295,244,405,0.8927310705184937,139,Beyblade 1,Loser,11.3
41,spinning,150,192,241,266,0.9321408867835999,91,Beyblade 2,Winner,11.3
41,spinning,108,300,252,407,0.8746097087860107,144,Beyblade 1,Loser,11.3
42,spinning,136,197,228,272,0.9210994243621826,92,Beyblade 2,Winner,11.3
42,spinning,114,300,256,406,0.8710471987724304,142,Beyblade 1,Loser,11.3
43,spinning,125,205,217,280,0.9407734870910645,92,Beyblade 2,Winner,11.3
43,spinning,119,300,266,407,0.8695844411849976,147,Beyblade 1,Loser,11.3
44,spinning,117,213,210,288,0.9467195272445679,93,Beyblade 2,Winner,11.3
44,spinning,129,299,271,406,0.8907075524330139,142,Beyblade 1,Loser,11.3
45,spinning,112,225,204,299,0.9494326710700989,92,Beyblade 2,Winner,11.3
45,spinning,136,297,277,404,0.8461477160453796,141,Beyblade 1,Loser,11.3
46,spinning,109,235,202,310,0.9313879609107971,93,Beyblade 2,Winner,11.3
46,spinning,145,294,287,402,0.8352660536766052,142,Beyblade 1,Loser,11.3
47,spinning,105,242,199,319,0.9212225079536438,94,Beyblade 2,Winner,11.3
47,spinning,156,295,295,402,0.8341728448867798,139,Beyblade 1,Loser,11.3
48,spinning,105,249,199,326,0.9324615597724915,94,Beyblade 2,Winner,11.3
48,spinning,165,293,304,402,0.7890529632568359,139,Beyblade 1,Loser,11.3
49,spinning,106,255,199,332,0.9041922092437744,93,Beyblade 2,Winner,11.3
49,spinning,177,291,313,402,0.8280946612358093,136,Beyblade 1,Loser,11.3
50,spinning,106,260,200,336,0.9267189502716064,94,Beyblade 2,Winner,11.3
50,spinning,184,291,325,401,0.8347991704940796,141,Beyblade 1,Loser,11.3
51,spinning,108,265,203,341,0.925504207611084,95,Beyblade 2,Winner,11.3
51,spinning,192,281,330,395,0.8390439748764038,138,Beyblade 1,Loser,11.3
52,spinning,113,270,204,346,0.935554027557373,91,Beyblade 2,Winner,11.3
52,spinning,194,279,335,390,0.7806079387664795,141,Beyblade 1,Loser,11.3
53,spinning,105,270,197,344,0.9286103248596191,92,Beyblade 2,Winner,11.3
53,spinning,211,278,350,384,0.8214936256408691,139,Beyblade 1,Loser,11.3
54,spinning,96,268,190,343,0.9034831523895264,94,Beyblade 2,Winner,11.3
54,spinning,223,271,359,375,0.8367782831192017,136,Beyblade 1,Loser,11.3
55,spinning,94,268,185,341,0.9179089069366455,91,Beyblade 2,Winner,11.3
55,spinning,232,266,360,369,0.8553398847579956,128,Beyblade 1,Loser,11.3
56,spinning,90,269,182,343,0.9195416569709778,92,Beyblade 2,Winner,11.3
56,spinning,235,257,360,361,0.9091916084289551,125,Beyblade 1,Loser,11.3
57,spinning,90,271,183,345,0.939414918422699,93,Beyblade 2,Winner,11.3
57,spinning,234,247,360,349,0.9183882474899292,126,Beyblade 1,Loser,11.3
58,spinning,92,273,186,348,0.9421363472938538,94,Beyblade 2,Winner,11.3
58,spinning,233,238,360,337,0.9142220616340637,127,Beyblade 1,Loser,11.3
59,spinning,95,278,189,352,0.9296741485595703,94,Beyblade 2,Winner,11.3
59,spinning,227,228,360,327,0.8691354990005493,133,Beyblade 1,Loser,11.3
60,spinning,101,282,194,357,0.9273392558097839,93,Beyblade 2,Winner,11.3
60,spinning,215,218,356,320,0.7601272463798523,141,Beyblade 1,Loser,11.3
61,spinning,109,288,202,363,0.9266020655632019,93,Beyblade 2,Winner,11.3
61,spinning,201,209,337,310,0.8859407305717468,136,Beyblade 1,Loser,11.3
62,spinning,117,292,211,368,0.9373891353607178,94,Beyblade 2,Winner,11.3
62,spinning,181,206,317,305,0.8470384478569031,136,Beyblade 1,Loser,11.3
63,spinning,128,294,223,369,0.9211047887802124,95,Beyblade 2,Winner,11.3
63,spinning,158,205,294,300,0.8373530507087708,136,Beyblade 1,Loser,11.3
64,spinning,122,312,218,394,0.9139460325241089,96,Beyblade 2,Winner,11.3
64,spinning,151,182,285,284,0.8243010640144348,134,Beyblade 1,Loser,11.3
65,spinning,107,339,204,408,0.9254795908927917,97,Beyblade 2,Winner,11.3
65,spinning,150,155,283,252,0.8086915016174316,133,Beyblade 1,Loser,11.3
66,spinning,147,133,280,232,0.7628975510597229,133,,,11.3
67,spinning,143,115,276,215,0.7599303722381592,133,,,11.3
68,spinning,134,110,267,208,0.8248355984687805,133,,,11.3
69,spinning,123,107,256,207,0.7756602168083191,133,Beyblade 1,Loser,11.3
69,spinning,68,407,168,481,0.2747937738895416,100,Beyblade 2,Winner,11.3
70,spinning,110,110,242,212,0.8724660873413086,132,,,11.3
71,spinning,93,128,227,224,0.5977115631103516,134,Beyblade 2,Winner,11.3
71,stop,93,127,228,225,0.2562065124511719,135,Beyblade 1,Loser,11.3
72,spinning,79,142,212,243,0.7956407070159912,133,,,11.3
73,spinning,62,158,198,260,0.8261428475379944,136,,,11.3
74,spinning,48,180,186,282,0.6745577454566956,138,,,11.3
75,spinning,38,200,173,303,0.8571756482124329,135,Beyblade 1,Loser,11.3
75,spinning,117,360,212,440,0.650583028793335,95,Beyblade 2,Winner,11.3
76,spinning,126,348,224,413,0.9089527726173401,98,Beyblade 2,Winner,11.3
76,spinning,33,220,169,324,0.8409498929977417,136,Beyblade 1,Loser,11.3
77,spinning,138,335,234,407,0.9543551206588745,96,Beyblade 2,Winner,11.3
77,spinning,32,240,169,351,0.8526327013969421,137,Beyblade 1,Loser,11.3
78,spinning,150,322,243,393,0.947028636932373,93,Beyblade 2,Winner,11.3
78,spinning,33,258,174,365,0.8872106671333313,141,Beyblade 1,Loser,11.3
79,spinning,190,327,282,403,0.9184756278991699,92,Beyblade 2,Winner,11.3
79,spinning,9,254,153,357,0.7446815371513367,144,Beyblade 1,Loser,11.3
80,spinning,230,332,323,402,0.868015468120575,93,Beyblade 2,Winner,11.3
80,spinning,0,243,131,346,0.8584510684013367,131,Beyblade 1,Loser,11.3
81,spinning,0,235,123,336,0.9341890811920166,123,Beyblade 1,Loser,11.3
81,spinning,266,334,357,406,0.4978051483631134,91,Beyblade 2,Winner,11.3
82,spinning,0,234,113,335,0.9437883496284485,113,Beyblade 1,Loser,11.3
82,spinning,297,332,360,406,0.3319041430950165,63,Beyblade 2,Winner,11.3
83,spinning,0,241,113,341,0.932470977306366,113,Beyblade 1,Loser,11.3
83,spinning,310,326,360,397,0.7950642108917236,50,Beyblade 2,Winner,11.3
84,spinning,0,250,117,350,0.9390098452568054,117,Beyblade 1,Loser,11.3
84,spinning,315,319,360,395,0.7350694537162781,45,Beyblade 2,Winner,11.3
85,spinning,0,262,125,364,0.9479866623878479,125,Beyblade 1,Loser,11.3
85,spinning,319,311,360,388,0.7250187993049622,41,Beyblade 2,Winner,11.3
86,spinning,4,275,137,378,0.9203208088874817,133,Beyblade 1,Loser,11.3
86,spinning,308,302,360,386,0.8681879043579102,52,Beyblade 2,Winner,11.3
87,spinning,304,296,360,370,0.8924658894538879,56,Beyblade 2,Winner,11.3
87,spinning,16,288,157,390,0.8519752621650696,141,Beyblade 1,Loser,11.3
88,spinning,291,289,360,363,0.9251731634140015,69,Beyblade 2,Winner,11.3
88,spinning,35,298,181,400,0.800014317035675,146,Beyblade 1,Loser,11.3
89,spinning,279,283,360,358,0.9253512620925903,81,Beyblade 2,Winner,11.3
89,spinning,56,305,202,404,0.8498839735984802,146,Beyblade 1,Loser,11.3
90,spinning,261,277,356,351,0.9397144317626953,95,Beyblade 2,Winner,11.3
90,spinning,79,308,225,407,0.8968644142150879,146,Beyblade 1,Loser,11.3
91,spinning,244,270,339,345,0.9470503926277161,95,Beyblade 2,Winner,11.3
91,spinning,100,309,242,408,0.905901312828064,142,Beyblade 1,Loser,11.3
92,spinning,230,266,322,336,0.9432545304298401,92,Beyblade 2,Winner,11.3
92,spinning,117,306,260,409,0.8876223564147949,143,Beyblade 1,Loser,11.3
93,spinning,227,254,318,324,0.9306415915489197,91,Beyblade 2,Winner,11.3
93,spinning,124,304,264,408,0.878991425037384,140,Beyblade 1,Loser,11.3
94,spinning,219,245,312,314,0.9210745096206665,93,Beyblade 2,Winner,11.3
94,spinning,126,299,266,404,0.909261167049408,140,Beyblade 1,Loser,11.3
95,spinning,220,232,310,299,0.9217969179153442,90,Beyblade 2,Winner,11.3
95,spinning,115,299,258,404,0.8913706541061401,143,Beyblade 1,Loser,11.3
96,spinning,220,217,311,285,0.937012255191803,91,Beyblade 2,Winner,11.3
96,spinning,103,301,244,405,0.9019893407821655,141,Beyblade 1,Loser,11.3
97,spinning,219,207,309,275,0.9226158857345581,90,Beyblade 2,Winner,11.3
97,spinning,91,300,236,401,0.8796120882034302,145,Beyblade 1,Loser,11.3
98,spinning,215,200,305,268,0.9536585807800293,90,Beyblade 2,Winner,11.3
98,spinning,81,298,227,400,0.8525910973548889,146,Beyblade 1,Loser,11.3
99,spinning,208,197,298,264,0.944307804107666,90,Beyblade 2,Winner,11.3
99,spinning,75,296,218,398,0.8385772705078125,143,Beyblade 1,Loser,11.3
100,spinning,201,196,290,265,0.930777370929718,89,Beyblade 2,Winner,11.3
100,spinning,73,295,217,397,0.799028754234314,144,Beyblade 1,Loser,11.3
101,spinning,190,198,280,266,0.958911120891571,90,Beyblade 2,Winner,11.3
101,spinning,72,294,214,396,0.7932752370834351,142,Beyblade 1,Loser,11.3
102,spinning,182,200,272,270,0.9596258997917175,90,Beyblade 2,Winner,11.3
102,spinning,73,294,214,392,0.8502142429351807,141,Beyblade 1,Loser,11.3
103,spinning,171,205,261,274,0.9286777973175049,90,Beyblade 2,Winner,11.3
103,spinning,77,293,217,389,0.8894695043563843,140,Beyblade 1,Loser,11.3
104,spinning,163,208,253,276,0.9354079961776733,90,Beyblade 2,Winner,11.3
104,spinning,80,292,223,388,0.8602217435836792,143,Beyblade 1,Loser,11.3
105,spinning,153,211,244,281,0.9643985629081726,91,Beyblade 2,Winner,11.3
105,spinning,86,292,227,388,0.8956228494644165,141,Beyblade 1,Loser,11.3
106,spinning,145,217,236,286,0.9096307754516602,91,Beyblade 2,Winner,11.3
106,spinning,94,291,237,387,0.88409423828125,143,Beyblade 1,Loser,11.3
107,spinning,103,290,242,386,0.9246553182601929,139,Beyblade 1,Loser,11.3
107,spinning,139,220,230,292,0.9077197909355164,91,Beyblade 2,Winner,11.3
108,spinning,103,293,242,389,0.9121947884559631,139,Beyblade 1,Loser,11.3
108,spinning,137,220,228,289,0.9117356538772583,91,Beyblade 2,Winner,11.3
109,spinning,135,221,226,290,0.925091028213501,91,Beyblade 2,Winner,11.3
109,spinning,99,294,240,392,0.8907684683799744,141,Beyblade 1,Loser,11.3
110,spinning,132,219,223,291,0.9234327673912048,91,Beyblade 2,Winner,11.3
110,spinning,91,296,233,397,0.8816522359848022,142,Beyblade 1,Loser,11.3
111,spinning,125,219,217,291,0.9231947064399719,92,Beyblade 2,Winner,11.3
111,spinning,84,296,229,396,0.8621282577514648,145,Beyblade 1,Loser,11.3
112,spinning,120,219,211,291,0.9202371835708618,91,Beyblade 2,Winner,11.3
112,spinning,81,295,225,391,0.8362131714820862,144,Beyblade 1,Loser,11.3
113,spinning,117,210,207,284,0.9673996567726135,90,Beyblade 2,Winner,11.3
113,spinning,77,296,218,396,0.8696219325065613,141,Beyblade 1,Loser,11.3
114,spinning,112,203,203,275,0.9376928806304932,91,Beyblade 2,Winner,11.3
114,spinning,74,298,216,400,0.8698264360427856,142,Beyblade 1,Loser,11.3
115,spinning,111,198,198,270,0.9400226473808289,87,Beyblade 2,Winner,11.3
115,spinning,75,301,216,400,0.9056065082550049,141,Beyblade 1,Loser,11.3
116,spinning,106,195,194,267,0.9535712003707886,88,Beyblade 2,Winner,11.3
116,spinning,77,301,219,401,0.900241494178772,142,Beyblade 1,Loser,11.3
117,spinning,102,194,191,265,0.9191594123840332,89,Beyblade 2,Winner,11.3
117,spinning,79,300,220,400,0.9090853929519653,141,Beyblade 1,Loser,11.3
118,spinning,100,195,189,267,0.9144335985183716,89,Beyblade 2,Winner,11.3
118,spinning,80,297,222,399,0.8944074511528015,142,Beyblade 1,Loser,11.3
119,spinning,96,195,186,268,0.9384181499481201,90,Beyblade 2,Winner,11.3
119,spinning,82,294,227,395,0.818095326423645,145,Beyblade 1,Loser,11.3
120,spinning,95,196,184,270,0.9515235424041748,89,Beyblade 2,Winner,11.3
120,spinning,86,291,226,388,0.8936992883682251,140,Beyblade 1,Loser,11.3
121,spinning,94,197,183,272,0.962890088558197,89,Beyblade 2,Winner,11.3
121,spinning,88,288,227,385,0.9127195477485657,139,Beyblade 1,Loser,11.3
122,spinning,92,200,183,275,0.9581457376480103,91,Beyblade 2,Winner,11.3
122,spinning,89,283,227,380,0.8867491483688354,138,Beyblade 1,Loser,11.3
123,spinning,92,202,180,277,0.9572726488113403,88,Beyblade 2,Winner,11.3
123,spinning,89,280,227,375,0.9230806231498718,138,Beyblade 1,Loser,11.3
124,spinning,92,198,180,274,0.9669123888015747,88,Beyblade 2,Winner,11.3
124,spinning,90,280,227,376,0.9284842014312744,137,Beyblade 1,Loser,11.3
125,spinning,91,199,180,275,0.9638972878456116,89,Beyblade 2,Winner,11.3
125,spinning,90,280,228,375,0.9296035766601562,138,Beyblade 1,Loser,11.3
126,spinning,91,200,180,275,0.9629148244857788,89,Beyblade 2,Winner,11.3
126,spinning,89,278,227,375,0.9219396114349365,138,Beyblade 1,Loser,11.3
127,spinning,92,194,180,269,0.955001950263977,88,Beyblade 2,Winner,11.3
127,spinning,89,282,227,382,0.8873447775840759,138,Beyblade 1,Loser,11.3
128,spinning,94,189,184,264,0.9525912404060364,90,Beyblade 2,Winner,11.3
128,spinning,86,287,227,388,0.9113381505012512,141,Beyblade 1,Loser,11.3
129,spinning,95,186,184,261,0.9452518224716187,89,Beyblade 2,Winner,11.3
129,spinning,87,291,228,391,0.9055609107017517,141,Beyblade 1,Loser,11.3
130,spinning,96,187,186,262,0.9350453615188599,90,Beyblade 2,Winner,11.3
130,spinning,89,292,229,391,0.9122430086135864,140,Beyblade 1,Loser,11.3
131,spinning,99,188,186,263,0.9114317297935486,87,Beyblade 2,Winner,11.3
131,spinning,91,292,233,392,0.885341227054596,142,Beyblade 1,Loser,11.3
132,spinning,100,191,189,267,0.9322089552879333,89,Beyblade 2,Winner,11.3
132,spinning,93,290,236,388,0.899313747882843,143,Beyblade 1,Loser,11.3
133,spinning,100,193,190,271,0.9128857254981995,90,Beyblade 2,Winner,11.3
133,spinning,98,287,241,387,0.9016916751861572,143,Beyblade 1,Loser,11.3
134,spinning,101,196,191,274,0.9592112898826599,90,Beyblade 2,Winner,11.3
134,spinning,102,284,240,384,0.9105901718139648,138,Beyblade 1,Loser,11.3
135,spinning,104,198,192,277,0.9653019309043884,88,Beyblade 2,Winner,11.3
135,spinning,104,281,243,379,0.9121288061141968,139,Beyblade 1,Loser,11.3
136,spinning,106,201,195,281,0.9444031119346619,89,Beyblade 2,Winner,11.3
136,spinning,104,278,242,375,0.937838077545166,138,Beyblade 1,Loser,11.3
137,spinning,108,183,195,260,0.9634301066398621,87,Beyblade 2,Winner,11.3
137,spinning,106,291,248,395,0.8850604295730591,142,Beyblade 1,Loser,11.3
138,spinning,108,169,198,247,0.9110956788063049,90,Beyblade 2,Winner,11.3
138,spinning,107,304,253,407,0.8208627104759216,146,Beyblade 1,Loser,11.3
139,spinning,110,158,200,237,0.9310550689697266,90,Beyblade 2,Winner,11.3
139,spinning,109,311,256,408,0.8683370351791382,147,Beyblade 1,Loser,11.3
140,spinning,112,157,201,234,0.9432222843170166,89,Beyblade 2,Winner,11.3
140,spinning,112,318,256,409,0.830883264541626,144,Beyblade 1,Loser,11.3
141,spinning,113,156,202,233,0.9439895153045654,89,Beyblade 2,Winner,11.3
141,spinning,115,319,259,410,0.8488485217094421,144,Beyblade 1,Loser,11.3
142,spinning,115,159,204,236,0.9627004861831665,89,Beyblade 2,Winner,11.3
142,spinning,117,319,262,409,0.865195095539093,145,Beyblade 1,Loser,11.3
143,spinning,116,160,206,240,0.9685190916061401,90,Beyblade 2,Winner,11.3
143,spinning,121,317,265,409,0.8364897966384888,144,Beyblade 1,Loser,11.3
144,spinning,116,168,206,246,0.9545408487319946,90,Beyblade 2,Winner,11.3
144,spinning,122,312,268,408,0.8720656633377075,146,Beyblade 1,Loser,11.3
145,spinning,117,176,206,253,0.9622959494590759,89,Beyblade 2,Winner,11.3
145,spinning,124,307,268,409,0.868582546710968,144,Beyblade 1,Loser,11.3
146,spinning,117,181,208,260,0.9439361095428467,91,Beyblade 2,Winner,11.3
146,spinning,126,301,265,405,0.9111794829368591,139,Beyblade 1,Loser,11.3
147,spinning,118,188,209,268,0.9410340189933777,91,Beyblade 2,Winner,11.3
147,spinning,125,294,266,396,0.8505760431289673,141,Beyblade 1,Loser,11.3
148,spinning,120,196,211,274,0.9327755570411682,91,Beyblade 2,Winner,11.3
148,spinning,125,288,266,386,0.8992873430252075,141,Beyblade 1,Loser,11.3
149,spinning,122,204,213,283,0.916050136089325,91,Beyblade 2,Winner,11.3
149,spinning,125,283,262,380,0.8945546746253967,137,Beyblade 1,Loser,11.3
150,spinning,124,204,215,282,0.921559751033783,91,Beyblade 2,Winner,11.3
150,spinning,123,283,263,383,0.8955514430999756,140,Beyblade 1,Loser,11.3
151,spinning,127,201,217,279,0.9552785754203796,90,Beyblade 2,Winner,11.3
151,spinning,121,290,262,388,0.8912217020988464,141,Beyblade 1,Loser,11.3
152,spinning,130,202,221,279,0.9497836828231812,91,Beyblade 2,Winner,11.3
152,spinning,119,295,262,397,0.8386432528495789,143,Beyblade 1,Loser,11.3
153,spinning,131,203,223,281,0.9391399025917053,92,Beyblade 2,Winner,11.3
153,spinning,118,297,260,399,0.8795406818389893,142,Beyblade 1,Loser,11.3
154,spinning,135,205,224,285,0.8986896276473999,89,Beyblade 2,Winner,11.3
154,spinning,116,299,257,399,0.8904578685760498,141,Beyblade 1,Loser,11.3
155,spinning,136,210,227,289,0.9007552862167358,91,Beyblade 2,Winner,11.3
155,spinning,116,299,256,399,0.892457902431488,140,Beyblade 1,Loser,11.3
156,spinning,137,214,227,297,0.9268828630447388,90,Beyblade 2,Winner,11.3
156,spinning,113,299,255,399,0.8776243925094604,142,Beyblade 1,Loser,11.3
157,spinning,138,220,227,303,0.9091258645057678,89,Beyblade 2,Winner,11.3
157,spinning,112,298,254,397,0.8608607053756714,142,Beyblade 1,Loser,11.3
158,spinning,142,215,233,295,0.962557315826416,91,Beyblade 2,Winner,11.3
158,spinning,110,304,251,399,0.8591101765632629,141,Beyblade 1,Loser,11.3
159,spinning,148,208,238,287,0.9287294745445251,90,Beyblade 2,Winner,11.3
159,spinning,105,309,249,408,0.8635542988777161,144,Beyblade 1,Loser,11.3
160,spinning,152,205,242,281,0.9424101710319519,90,Beyblade 2,Winner,11.3
160,spinning,103,312,244,408,0.9016655683517456,141,Beyblade 1,Loser,11.3
161,spinning,155,202,245,281,0.9599407315254211,90,Beyblade 2,Winner,11.3
161,spinning,102,314,243,408,0.9121679067611694,141,Beyblade 1,Loser,11.3
162,spinning,156,203,246,280,0.937677800655365,90,Beyblade 2,Winner,11.3
162,spinning,102,315,243,408,0.904422402381897,141,Beyblade 1,Loser,11.3
163,spinning,157,204,247,281,0.9275179505348206,90,Beyblade 2,Winner,11.3
163,spinning,99,315,242,408,0.896807074546814,143,Beyblade 1,Loser,11.3
164,spinning,157,206,247,284,0.9355356693267822,90,Beyblade 2,Winner,11.3
164,spinning,98,315,242,408,0.8826732635498047,144,Beyblade 1,Loser,11.3
165,spinning,157,209,247,287,0.9508683085441589,90,Beyblade 2,Winner,11.3
165,spinning,98,314,242,408,0.8687570691108704,144,Beyblade 1,Loser,11.3
166,spinning,156,214,246,292,0.9459145665168762,90,Beyblade 2,Winner,11.3
166,spinning,98,311,241,408,0.8603047728538513,143,Beyblade 1,Loser,11.3
167,spinning,155,219,245,297,0.9378889203071594,90,Beyblade 2,Winner,11.3
167,spinning,98,310,241,407,0.8327009677886963,143,Beyblade 1,Loser,11.3
168,spinning,154,224,243,301,0.9555679559707642,89,Beyblade 2,Winner,11.3
168,spinning,97,308,243,407,0.8342275023460388,146,Beyblade 1,Loser,11.3
169,spinning,152,229,242,305,0.9348958134651184,90,Beyblade 2,Winner,11.3
169,spinning,96,307,237,404,0.8342798352241516,141,Beyblade 1,Loser,11.3
170,spinning,153,230,242,305,0.9315618276596069,89,Beyblade 2,Winner,11.3
170,spinning,91,307,233,402,0.8875730037689209,142,Beyblade 1,Loser,11.3
171,spinning,169,215,257,292,0.9527515769004822,88,Beyblade 2,Winner,11.3
171,spinning,71,319,215,406,0.8641099333763123,144,Beyblade 1,Loser,11.3
172,spinning,180,203,269,280,0.9414613246917725,89,Beyblade 2,Winner,11.3
172,spinning,56,327,206,411,0.6183252334594727,150,Beyblade 1,Loser,11.3
173,spinning,188,195,277,269,0.9126783013343811,89,Beyblade 2,Winner,11.3
173,spinning,47,334,194,434,0.6259114146232605,147,Beyblade 1,Loser,11.3
174,spinning,193,191,280,267,0.9461708664894104,87,Beyblade 2,Winner,11.3
174,spinning,45,338,188,435,0.6730049252510071,143,Beyblade 1,Loser,11.3
175,spinning,194,190,282,265,0.9530311822891235,88,Beyblade 2,Winner,11.3
175,spinning,46,340,185,434,0.776188850402832,139,Beyblade 1,Loser,11.3
176,spinning,192,193,280,268,0.9489803910255432,88,Beyblade 2,Winner,11.3
176,spinning,45,340,185,434,0.705945611000061,140,Beyblade 1,Loser,11.3
177,spinning,189,196,278,270,0.9629467725753784,89,Beyblade 2,Winner,11.3
177,spinning,46,337,187,433,0.736480176448822,141,Beyblade 1,Loser,11.3
178,spinning,185,201,274,275,0.9277694821357727,89,Beyblade 2,Winner,11.3
178,spinning,42,335,189,430,0.7252688407897949,147,Beyblade 1,Loser,11.3
179,spinning,182,207,268,280,0.9464136958122253,86,Beyblade 2,Winner,11.3
179,spinning,46,333,194,416,0.6603347659111023,148,Beyblade 1,Loser,11.3
180,spinning,177,212,265,285,0.9215269088745117,88,Beyblade 2,Winner,11.3
180,spinning,50,329,198,411,0.7414060831069946,148,Beyblade 1,Loser,11.3
181,spinning,170,217,260,291,0.9192206263542175,90,Beyblade 2,Winner,11.3
181,spinning,56,323,202,409,0.7928219437599182,146,Beyblade 1,Loser,11.3
182,spinning,166,222,255,295,0.9523133039474487,89,Beyblade 2,Winner,11.3
182,spinning,60,319,203,406,0.8711392879486084,143,Beyblade 1,Loser,11.3
183,spinning,162,227,252,300,0.9284603595733643,90,Beyblade 2,Winner,11.3
183,spinning,62,312,206,406,0.8627331256866455,144,Beyblade 1,Loser,11.3
184,spinning,156,233,247,305,0.9475880861282349,91,Beyblade 2,Winner,11.3
184,spinning,66,307,211,404,0.8558086156845093,145,Beyblade 1,Loser,11.3
185,spinning,153,239,243,310,0.9436090588569641,90,Beyblade 2,Winner,11.3
185,spinning,67,298,212,398,0.8797823786735535,145,Beyblade 1,Loser,11.3
186,spinning,177,227,265,299,0.9159584045410156,88,Beyblade 2,Winner,11.3
186,spinning,34,305,181,400,0.6738440990447998,147,Beyblade 1,Loser,11.3
187,spinning,201,219,287,287,0.908893883228302,86,Beyblade 2,Winner,11.3
187,spinning,11,312,155,398,0.7234571576118469,144,Beyblade 1,Loser,11.3
188,spinning,221,219,308,285,0.9170283675193787,87,Beyblade 2,Winner,11.3
188,spinning,5,315,136,397,0.698492169380188,131,Beyblade 1,Loser,11.3
189,spinning,237,214,324,275,0.9525494575500488,87,Beyblade 2,Winner,11.3
189,spinning,0,318,127,396,0.8335333466529846,127,Beyblade 1,Loser,11.3
190,spinning,250,213,338,280,0.9136194586753845,88,Beyblade 2,Winner,11.3
190,spinning,0,319,125,398,0.844054102897644,125,Beyblade 1,Loser,11.3
191,spinning,258,213,348,281,0.9432114958763123,90,Beyblade 2,Winner,11.3
191,spinning,0,319,123,402,0.780645489692688,123,Beyblade 1,Loser,11.3
192,spinning,261,217,356,287,0.8966734409332275,95,Beyblade 2,Winner,11.3
192,spinning,0,318,119,403,0.8011038303375244,119,Beyblade 1,Loser,11.3
193,spinning,257,221,353,289,0.9479604363441467,96,Beyblade 2,Winner,11.3
193,spinning,0,316,119,403,0.7411531209945679,119,Beyblade 1,Loser,11.3
194,spinning,252,225,342,294,0.9359989762306213,90,Beyblade 2,Winner,11.3
194,spinning,0,315,120,402,0.8116536736488342,120,Beyblade 1,Loser,11.3
195,spinning,242,229,333,299,0.9375744462013245,91,Beyblade 2,Winner,11.3
195,spinning,0,314,123,401,0.8037753701210022,123,Beyblade 1,Loser,11.3
196,spinning,232,233,322,303,0.9490591883659363,90,Beyblade 2,Winner,11.3
196,spinning,0,309,129,396,0.8367539644241333,129,Beyblade 1,Loser,11.3
197,spinning,221,236,313,307,0.9647993445396423,92,Beyblade 2,Winner,11.3
197,spinning,2,304,135,396,0.8612098097801208,133,Beyblade 1,Loser,11.3
198,spinning,212,242,302,308,0.9448466300964355,90,Beyblade 2,Winner,11.3
198,spinning,5,299,138,396,0.8398105502128601,133,Beyblade 1,Loser,11.3
199,spinning,201,242,292,310,0.9348715543746948,91,Beyblade 2,Winner,11.3
199,spinning,9,295,145,396,0.8146131038665771,136,Beyblade 1,Loser,11.3
200,spinning,190,246,281,312,0.9567758440971375,91,Beyblade 2,Winner,11.3
200,spinning,10,290,147,392,0.8635918498039246,137,Beyblade 1,Loser,11.3
201,spinning,182,247,273,314,0.955114483833313,91,Beyblade 2,Winner,11.3
201,spinning,12,285,150,390,0.8448865413665771,138,Beyblade 1,Loser,11.3
202,spinning,174,249,266,316,0.9480868577957153,92,Beyblade 2,Winner,11.3
202,spinning,17,278,153,383,0.8417757153511047,136,Beyblade 1,Loser,11.3
203,spinning,167,250,258,317,0.9649653434753418,91,Beyblade 2,Winner,11.3
203,spinning,17,271,155,374,0.8066290616989136,138,Beyblade 1,Loser,11.3
204,spinning,160,253,251,317,0.9461588263511658,91,Beyblade 2,Winner,11.3
204,spinning,23,263,159,371,0.8781145215034485,136,Beyblade 1,Loser,11.3
205,spinning,153,255,243,318,0.9606403112411499,90,Beyblade 2,Winner,11.3
205,spinning,27,259,160,365,0.8853386044502258,133,Beyblade 1,Loser,11.3
206,spinning,145,255,238,320,0.9483762383460999,93,Beyblade 2,Winner,11.3
206,spinning,30,254,161,360,0.8357316255569458,131,Beyblade 1,Loser,11.3
207,spinning,145,256,236,322,0.9370745420455933,91,Beyblade 2,Winner,11.3
207,spinning,31,238,162,359,0.8693495988845825,131,Beyblade 1,Loser,11.3
208,spinning,158,258,246,327,0.9509033560752869,88,Beyblade 2,Winner,11.3
208,spinning,25,227,161,350,0.8463342785835266,136,Beyblade 1,Loser,11.3
209,spinning,163,259,255,329,0.9597877264022827,92,Beyblade 2,Winner,11.3
209,spinning,26,219,154,339,0.8738155961036682,128,Beyblade 1,Loser,11.3
210,spinning,169,259,259,332,0.9607465863227844,90,Beyblade 2,Winner,11.3
210,spinning,30,211,160,330,0.855426549911499,130,Beyblade 1,Loser,11.3
211,spinning,171,261,263,335,0.9498469233512878,92,Beyblade 2,Winner,11.3
211,spinning,38,206,168,327,0.8968554139137268,130,Beyblade 1,Loser,11.3
212,spinning,172,261,263,335,0.9279775619506836,91,Beyblade 2,Winner,11.3
212,spinning,45,201,174,322,0.8542530536651611,129,Beyblade 1,Loser,11.3
213,spinning,171,263,261,335,0.9448381066322327,90,Beyblade 2,Winner,11.3
213,spinning,57,198,185,319,0.8801125288009644,128,Beyblade 1,Loser,11.3
214,spinning,168,263,258,335,0.9512526392936707,90,Beyblade 2,Winner,11.3
214,spinning,62,199,191,318,0.8419251441955566,129,Beyblade 1,Loser,11.3
215,spinning,163,261,255,335,0.9369432926177979,92,Beyblade 2,Winner,11.3
215,spinning,73,194,199,319,0.6845966577529907,126,Beyblade 1,Loser,11.3
216,spinning,166,266,257,340,0.9417313933372498,91,Beyblade 2,Winner,11.3
216,spinning,71,188,202,313,0.7346369624137878,131,Beyblade 1,Loser,11.3
217,spinning,167,269,258,343,0.9267997145652771,91,Beyblade 2,Winner,11.3
217,spinning,73,188,205,313,0.7153912782669067,132,Beyblade 1,Loser,11.3
218,spinning,165,269,257,342,0.9042182564735413,92,Beyblade 2,Winner,11.3
218,spinning,79,187,211,313,0.7385053634643555,132,Beyblade 1,Loser,11.3
219,spinning,165,269,255,344,0.9406157732009888,90,Beyblade 2,Winner,11.3
219,spinning,82,188,215,315,0.682872474193573,133,Beyblade 1,Loser,11.3
220,spinning,164,271,257,347,0.9432666301727295,93,Beyblade 2,Winner,11.3
220,spinning,89,186,223,310,0.7369850277900696,134,Beyblade 1,Loser,11.3
221,spinning,165,276,255,352,0.9515717029571533,90,Beyblade 2,Winner,11.3
221,spinning,93,184,225,306,0.6654852628707886,132,Beyblade 1,Loser,11.3
222,spinning,164,279,255,354,0.9261762499809265,91,Beyblade 2,Winner,11.3
222,spinning,100,185,235,309,0.608718991279602,135,Beyblade 1,Loser,11.3
223,spinning,160,283,254,356,0.9414693713188171,94,Beyblade 2,Winner,11.3
223,spinning,109,187,242,313,0.7364298701286316,133,Beyblade 1,Loser,11.3
224,spinning,161,292,251,361,0.9212579131126404,90,Beyblade 2,Winner,11.3
224,spinning,114,187,246,306,0.764708399772644,132,Beyblade 1,Loser,11.3
225,spinning,160,296,252,367,0.9313613772392273,92,Beyblade 2,Winner,11.3
225,spinning,121,185,252,309,0.7078145146369934,131,Beyblade 1,Loser,11.3
226,spinning,158,297,250,370,0.8675735592842102,92,Beyblade 2,Winner,11.3
226,spinning,123,187,255,305,0.6060162782669067,132,Beyblade 1,Loser,11.3
227,spinning,155,303,249,369,0.874007523059845,94,Beyblade 2,Winner,11.3
227,spinning,130,192,261,312,0.6787667870521545,131,Beyblade 1,Loser,11.3
228,spinning,154,307,249,369,0.8857926726341248,95,Beyblade 2,Winner,11.3
228,spinning,133,198,264,314,0.7107356190681458,131,Beyblade 1,Loser,11.3
229,spinning,152,305,248,369,0.8504331707954407,96,Beyblade 2,Winner,11.3
229,spinning,141,201,268,322,0.7013247609138489,127,Beyblade 1,Loser,11.3
230,spinning,148,309,241,374,0.877698540687561,93,Beyblade 2,Winner,11.3
230,spinning,146,206,272,320,0.857647716999054,126,Beyblade 1,Loser,11.3
231,spinning,142,312,238,376,0.8930478096008301,96,Beyblade 2,Winner,11.3
231,spinning,155,210,274,322,0.8450087308883667,119,Beyblade 1,Loser,11.3
232,spinning,137,311,228,377,0.9069240689277649,91,Beyblade 2,Winner,11.3
232,spinning,157,214,278,329,0.8126966953277588,121,Beyblade 1,Loser,11.3
233,spinning,129,314,221,378,0.9277786612510681,92,Beyblade 2,Winner,11.3
233,spinning,167,221,287,345,0.8161535263061523,120,Beyblade 1,Loser,11.3
234,spinning,124,314,215,378,0.9299113750457764,91,Beyblade 2,Winner,11.3
234,spinning,170,226,288,350,0.8600456118583679,118,Beyblade 1,Loser,11.3
235,spinning,120,313,211,377,0.898099422454834,91,Beyblade 2,Winner,11.3
235,spinning,174,236,294,361,0.8596475124359131,120,Beyblade 1,Loser,11.3
236,spinning,114,315,204,377,0.8743836879730225,90,Beyblade 2,Winner,11.3
236,spinning,175,246,296,366,0.8694947361946106,121,Beyblade 1,Loser,11.3
237,spinning,103,316,196,376,0.8800090551376343,93,Beyblade 2,Winner,11.3
237,spinning,184,250,307,377,0.8590753674507141,123,Beyblade 1,Loser,11.3
238,spinning,94,315,185,376,0.9324108958244324,91,Beyblade 2,Winner,11.3
238,spinning,183,257,316,390,0.7786687016487122,133,Beyblade 1,Loser,11.3
239,spinning,87,315,179,376,0.9233244061470032,92,Beyblade 2,Winner,11.3
239,spinning,186,261,323,396,0.8022435903549194,137,Beyblade 1,Loser,11.3
240,spinning,81,314,172,374,0.9366198182106018,91,Beyblade 2,Winner,11.3
240,spinning,189,270,325,394,0.7830285429954529,136,Beyblade 1,Loser,11.3
241,spinning,77,308,169,372,0.943261444568634,92,Beyblade 2,Winner,11.3
241,spinning,190,268,323,392,0.8490315079689026,133,Beyblade 1,Loser,11.3
242,spinning,77,304,166,369,0.9636139273643494,89,Beyblade 2,Winner,11.3
242,spinning,187,276,325,381,0.9071794152259827,138,Beyblade 1,Loser,11.3
243,spinning,74,303,164,368,0.9547964930534363,90,Beyblade 2,Winner,11.3
243,spinning,182,267,313,390,0.9018647074699402,131,Beyblade 1,Loser,11.3
244,spinning,74,298,164,365,0.9406939148902893,90,Beyblade 2,Winner,11.3
244,spinning,178,265,306,377,0.9263348579406738,128,Beyblade 1,Loser,11.3
245,spinning,77,295,164,365,0.9198486804962158,87,Beyblade 2,Winner,11.3
245,spinning,166,262,300,376,0.8685245513916016,134,Beyblade 1,Loser,11.3
246,spinning,78,292,164,362,0.9408613443374634,86,Beyblade 2,Winner,11.3
246,spinning,160,256,290,363,0.9357407689094543,130,Beyblade 1,Loser,11.3
247,spinning,79,287,165,361,0.9434381723403931,86,Beyblade 2,Winner,11.3
247,spinning,160,253,290,362,0.8891357183456421,130,Beyblade 1,Loser,11.3
248,spinning,83,282,165,359,0.9094247221946716,82,Beyblade 2,Winner,11.3
248,spinning,157,245,288,354,0.8993510603904724,131,Beyblade 1,Loser,11.3
249,spinning,83,279,166,355,0.9339852333068848,83,Beyblade 2,Winner,11.3
249,spinning,161,239,288,351,0.9101248383522034,127,Beyblade 1,Loser,11.3
250,spinning,85,274,167,352,0.9437762498855591,82,Beyblade 2,Winner,11.3
250,spinning,161,236,290,348,0.9189066886901855,129,Beyblade 1,Loser,11.3
251,spinning,88,271,169,351,0.9151155352592468,81,Beyblade 2,Winner,11.3
251,spinning,158,229,289,344,0.9009100794792175,131,Beyblade 1,Loser,11.3
252,spinning,91,268,172,347,0.8960093259811401,81,Beyblade 2,Winner,11.3
252,spinning,163,223,290,341,0.8861846327781677,127,Beyblade 1,Loser,11.3
253,spinning,92,264,175,348,0.9558131694793701,83,Beyblade 2,Winner,11.3
253,spinning,166,222,290,340,0.8703302145004272,124,Beyblade 1,Loser,11.3
254,spinning,97,262,178,348,0.9151243567466736,81,Beyblade 2,Winner,11.3
254,spinning,157,216,288,334,0.8721612095832825,131,Beyblade 1,Loser,11.3
255,spinning,99,258,179,345,0.8909914493560791,80,Beyblade 2,Winner,11.3
255,spinning,160,212,291,333,0.8865612745285034,131,Beyblade 1,Loser,11.3
256,spinning,101,255,182,344,0.8883908987045288,81,Beyblade 2,Winner,11.3
256,spinning,161,214,289,328,0.8446819186210632,128,Beyblade 1,Loser,11.3
257,spinning,103,253,184,343,0.9681458473205566,81,Beyblade 2,Winner,11.3
257,spinning,163,210,293,328,0.8556200265884399,130,Beyblade 1,Loser,11.3
258,spinning,106,249,184,339,0.968572735786438,78,Beyblade 2,Winner,11.3
258,spinning,171,205,300,326,0.7509257197380066,129,Beyblade 1,Loser,11.3
259,spinning,102,247,184,335,0.9543309211730957,82,Beyblade 2,Winner,11.3
259,spinning,182,203,309,333,0.5604788064956665,127,Beyblade 1,Loser,11.3
260,spinning,106,237,186,325,0.9638689160346985,80,Beyblade 2,Winner,11.3
260,spinning,191,206,316,336,0.5473799705505371,125,Beyblade 1,Loser,11.3
261,spinning,107,231,192,319,0.9537755846977234,85,Beyblade 2,Winner,11.3
261,spinning,188,208,320,336,0.5733376145362854,132,Beyblade 1,Loser,11.3
262,spinning,113,223,195,312,0.9466250538825989,82,Beyblade 2,Winner,11.3
262,spinning,189,208,323,338,0.6694855093955994,134,Beyblade 1,Loser,11.3
263,spinning,118,218,198,305,0.9420564770698547,80,Beyblade 2,Winner,11.3
263,spinning,198,211,322,339,0.5968857407569885,124,Beyblade 1,Loser,11.3
264,spinning,125,213,202,303,0.9392056465148926,77,Beyblade 2,Winner,11.3
264,spinning,198,210,323,340,0.6319403648376465,125,Beyblade 1,Loser,11.3
265,stop,193,214,320,347,0.6886647343635559,127,Beyblade 1,Loser,11.3
265,spinning,134,202,217,298,0.6630423665046692,83,Beyblade 2,Winner,11.3
265,stop,134,203,217,297,0.29642167687416077,83,,,11.3
266,spinning,143,188,225,277,0.9313613772392273,82,Beyblade 2,Winner,11.3
266,stop,197,220,306,353,0.5132449865341187,109,Beyblade 1,Loser,11.3
266,spinning,198,220,307,353,0.4810139536857605,109,,,11.3
267,stop,172,237,312,366,0.7605867385864258,140,Beyblade 1,Loser,11.3
267,spinning,155,174,239,264,0.7166423201560974,84,Beyblade 2,Winner,11.3
268,spinning,162,162,248,254,0.9315724968910217,86,Beyblade 2,Winner,11.3
268,stop,179,254,297,390,0.476838618516922,118,Beyblade 1,Loser,11.3
268,spinning,180,253,296,389,0.40446218848228455,116,,,11.3
269,spinning,174,155,259,245,0.8373933434486389,85,Beyblade 2,Winner,11.3
269,stop,154,283,289,380,0.5137683749198914,135,Beyblade 1,Loser,11.3
269,spinning,157,284,291,380,0.4604102373123169,134,,,11.3
270,spinning,182,151,266,240,0.9535812735557556,84,,,11.3
271,stop,118,291,259,405,0.9777881503105164,141,Beyblade 1,Loser,11.3
271,spinning,189,148,273,236,0.9047411680221558,84,Beyblade 2,Winner,11.3
272,spinning,193,150,279,238,0.963495135307312,86,,,11.3
273,spinning,197,153,284,241,0.871947169303894,87,Beyblade 2,Winner,11.3
273,spinning,85,311,210,421,0.4555143415927887,125,Beyblade 1,Loser,11.3
274,spinning,201,160,285,246,0.9014846682548523,84,,,11.3
275,spinning,201,166,289,253,0.9040132164955139,88,,,11.3
276,spinning,202,175,287,262,0.9203137159347534,85,Beyblade 2,Winner,11.3
276,stop,35,305,176,441,0.9176056981086731,141,Beyblade 1,Loser,11.3
277,spinning,202,183,290,271,0.9370136260986328,88,Beyblade 2,Winner,11.3
277,stop,30,320,165,427,0.8525691032409668,135,Beyblade 1,Loser,11.3
278,spinning,202,196,289,284,0.9499987959861755,87,Beyblade 2,Winner,11.3
278,spinning,41,331,160,389,0.7972267270088196,119,Beyblade 1,Loser,11.3
279,spinning,205,209,290,296,0.9654840230941772,85,Beyblade 2,Winner,11.3
279,stop,29,306,153,401,0.8839125037193298,124,Beyblade 1,Loser,11.3
280,stop,31,282,151,405,0.9714824557304382,120,Beyblade 1,Loser,11.3
280,spinning,204,224,291,313,0.960858166217804,87,Beyblade 2,Winner,11.3
281,stop,34,275,161,402,0.9753908514976501,127,Beyblade 1,Loser,11.3
281,spinning,208,238,293,326,0.9666876196861267,85,Beyblade 2,Winner,11.3
282,spinning,209,250,296,341,0.9402315020561218,87,Beyblade 2,Winner,11.3
282,stop,29,265,160,391,0.9066896438598633,131,Beyblade 1,Loser,11.3
283,stop,42,259,165,387,0.9404619932174683,123,Beyblade 1,Loser,11.3
283,spinning,208,264,299,355,0.877214252948761,91,Beyblade 2,Winner,11.3
284,stop,54,259,169,381,0.9578925371170044,115,Beyblade 1,Loser,11.3
284,spinning,215,278,303,369,0.9001040458679199,88,Beyblade 2,Winner,11.3
285,stop,62,252,171,364,0.9520658254623413,109,Beyblade 1,Loser,11.3
285,spinning,221,292,305,381,0.9341714382171631,84,Beyblade 2,Winner,11.3
286,stop,65,248,186,354,0.9845905303955078,121,Beyblade 1,Loser,11.3
286,spinning,222,303,309,395,0.9015339016914368,87,Beyblade 2,Winner,11.3
287,stop,75,250,192,349,0.958807110786438,117,Beyblade 1,Loser,11.3
287,spinning,223,312,312,404,0.7174347043037415,89,Beyblade 2,Winner,11.3
288,stop,77,248,199,335,0.9438300728797913,122,Beyblade 1,Loser,11.3
288,spinning,227,321,315,404,0.6935856938362122,88,Beyblade 2,Winner,11.3
289,stop,77,245,200,327,0.9049879908561707,123,Beyblade 1,Loser,11.3
289,spinning,231,331,315,413,0.561299204826355,84,Beyblade 2,Winner,11.3
290,stop,77,242,201,323,0.948815643787384,124,Beyblade 1,Loser,11.3
290,spinning,236,335,314,417,0.43418729305267334,78,Beyblade 2,Winner,11.3
291,stop,79,242,202,322,0.9686680436134338,123,Beyblade 1,Loser,11.3
291,spinning,231,338,313,417,0.7509926557540894,82,Beyblade 2,Winner,11.3
292,stop,80,243,203,320,0.9623416662216187,123,Beyblade 1,Loser,11.3
292,spinning,227,339,309,413,0.45359817147254944,82,Beyblade 2,Winner,11.3
293,stop,83,243,205,321,0.9555372595787048,122,Beyblade 1,Loser,11.3
293,spinning,224,339,304,406,0.4730486273765564,80,Beyblade 2,Winner,11.3
294,stop,83,243,206,322,0.94609135389328,123,Beyblade 1,Loser,11.3
294,spinning,215,340,301,408,0.3354547917842865,86,Beyblade 2,Winner,11.3
295,stop,84,243,206,324,0.9449708461761475,122,Beyblade 1,Loser,11.3
295,stop,206,337,294,404,0.3638649582862854,88,Beyblade 2,Winner,11.3
296,stop,86,242,206,329,0.9336626529693604,120,Beyblade 1,Loser,11.3
296,stop,196,339,289,405,0.7817460894584656,93,Beyblade 2,Winner,11.3
297,stop,87,242,207,330,0.9526324272155762,120,Beyblade 1,Loser,11.3
297,stop,189,339,281,403,0.5567155480384827,92,,,11.3
297,spinning,189,340,280,403,0.382213294506073,91,Beyblade 2,Winner,11.3
298,stop,87,242,207,331,0.9498618245124817,120,Beyblade 1,Loser,11.3
298,stop,178,337,271,399,0.7288879156112671,93,,,11.3
298,spinning,179,337,271,401,0.4591623544692993,92,Beyblade 2,Winner,11.3
299,stop,87,242,207,330,0.9513975381851196,120,Beyblade 1,Loser,11.3
299,stop,166,332,258,391,0.7128947377204895,92,Beyblade 2,Winner,11.3
299,spinning,165,332,259,390,0.5255581140518188,94,,,11.3
300,stop,147,326,244,388,0.9349337220191956,97,Beyblade 2,Winner,11.3
300,stop,87,242,207,330,0.9262295365333557,120,Beyblade 1,Loser,11.3
301,stop,132,322,226,381,0.9561227560043335,94,Beyblade 2,Winner,11.3
301,stop,86,243,207,327,0.8676583766937256,121,Beyblade 1,Loser,11.3
302,stop,112,316,209,376,0.9254021644592285,97,Beyblade 2,Winner,11.3
302,stop,85,243,208,377,0.9187551140785217,123,,,11.3
302,stop,85,244,210,319,0.6433634161949158,125,Beyblade 1,Loser,11.3
303,stop,87,242,207,372,0.9405054450035095,120,Beyblade 1,Loser,11.3
303,stop,93,313,197,372,0.4464240074157715,104,Beyblade 2,Winner,11.3
304,stop,86,239,210,371,0.8666097521781921,124,Beyblade 1,Loser,11.3
304,stop,77,304,168,368,0.8564344048500061,91,Beyblade 2,Winner,11.3
304,stop,76,286,200,368,0.6319278478622437,124,,,11.3
305,stop,57,301,149,363,0.948550820350647,92,Beyblade 2,Winner,11.3
305,stop,91,239,210,329,0.9356162548065186,119,Beyblade 1,Loser,11.3
306,stop,41,288,132,359,0.9721778631210327,91,Beyblade 2,Winner,11.3
306,stop,90,239,210,329,0.9392582178115845,120,Beyblade 1,Loser,11.3
307,stop,31,284,116,350,0.959949254989624,85,Beyblade 2,Winner,11.3
307,stop,90,239,210,329,0.9508782625198364,120,Beyblade 1,Loser,11.3
308,stop,20,274,103,343,0.960283100605011,83,Beyblade 2,Winner,11.3
308,stop,91,240,210,326,0.9522435069084167,119,Beyblade 1,Loser,11.3
309,stop,90,240,210,325,0.9550701975822449,120,Beyblade 1,Loser,11.3
309,stop,15,268,95,337,0.9520670771598816,80,Beyblade 2,Winner,11.3
310,stop,90,240,210,326,0.9545714855194092,120,Beyblade 1,Loser,11.3
310,stop,8,261,88,330,0.9356938600540161,80,Beyblade 2,Winner,11.3
311,stop,8,253,84,325,0.9763225317001343,76,Beyblade 2,Winner,11.3
311,stop,90,240,210,326,0.9473005533218384,120,Beyblade 1,Loser,11.3
312,stop,91,239,210,326,0.9560229182243347,119,Beyblade 1,Loser,11.3
312,stop,8,244,87,321,0.939861536026001,79,Beyblade 2,Winner,11.3
313,stop,91,240,210,325,0.9638351202011108,119,Beyblade 1,Loser,11.3
313,stop,11,236,86,319,0.7500655055046082,75,Beyblade 2,Winner,11.3
314,stop,92,240,210,325,0.9581279754638672,118,Beyblade 1,Loser,11.3
314,stop,14,233,89,315,0.44568783044815063,75,Beyblade 2,Winner,11.3
314,spinning,14,233,90,316,0.40860339999198914,76,,,11.3
315,stop,97,240,209,326,0.93656325340271,112,Beyblade 1,Loser,11.3
315,stop,21,227,93,316,0.9096635580062866,72,Beyblade 2,Winner,11.3
316,stop,103,240,209,324,0.9072170853614807,106,Beyblade 1,Loser,11.3
316,stop,25,223,113,312,0.8910876512527466,88,Beyblade 2,Winner,11.3
317,stop,37,221,117,310,0.9657285809516907,80,Beyblade 2,Winner,11.3
317,stop,105,240,209,329,0.8897908926010132,104,Beyblade 1,Loser,11.3
318,stop,105,232,213,345,0.9303993582725525,108,Beyblade 1,Loser,11.3
318,stop,41,213,127,303,0.907966673374176,86,Beyblade 2,Winner,11.3
319,stop,104,229,222,358,0.9113759994506836,118,Beyblade 1,Loser,11.3
319,stop,49,208,134,298,0.8715048432350159,85,Beyblade 2,Winner,11.3
320,stop,104,230,226,366,0.92889404296875,122,Beyblade 1,Loser,11.3
320,stop,57,201,140,290,0.9128082990646362,83,Beyblade 2,Winner,11.3
321,stop,101,234,227,364,0.9043371677398682,126,Beyblade 1,Loser,11.3
321,stop,67,196,153,288,0.7369492650032043,86,Beyblade 2,Winner,11.3
322,stop,99,235,227,364,0.8857304453849792,128,Beyblade 1,Loser,11.3
322,stop,78,189,165,343,0.6164072155952454,87,,,11.3
322,stop,79,190,164,286,0.47887322306632996,85,Beyblade 2,Winner,11.3
323,stop,100,235,227,364,0.8828146457672119,127,,,11.3
324,stop,104,232,228,368,0.9191544651985168,124,Beyblade 1,Loser,11.3
324,stop,105,183,190,352,0.2846476435661316,85,Beyblade 2,Winner,11.3
325,stop,107,226,228,367,0.833348274230957,121,Beyblade 1,Loser,11.3
325,stop,115,180,207,356,0.40028759837150574,92,Beyblade 2,Winner,11.3
326,stop,110,238,228,364,0.7922477126121521,118,Beyblade 1,Loser,11.3
326,stop,112,190,228,368,0.5854350924491882,116,,,11.3
326,stop,128,182,219,268,0.43183618783950806,91,Beyblade 2,Winner,11.3
326,stop,128,182,220,332,0.28318747878074646,92,,,11.3
327,stop,110,239,228,363,0.8285565376281738,118,Beyblade 1,Loser,11.3
327,stop,134,184,233,344,0.45238780975341797,99,,,11.3
327,stop,113,180,231,369,0.3865419030189514,118,,,11.3
327,stop,151,185,233,275,0.3737155497074127,82,Beyblade 2,Winner,11.3
328,stop,110,240,229,363,0.8831832408905029,119,Beyblade 1,Loser,11.3
328,stop,155,185,244,273,0.40199658274650574,89,Beyblade 2,Winner,11.3
329,stop,109,241,229,364,0.9107334017753601,120,Beyblade 1,Loser,11.3
329,stop,173,187,258,273,0.3246271014213562,85,Beyblade 2,Winner,11.3
330,stop,109,239,228,364,0.9158746600151062,119,Beyblade 1,Loser,11.3
330,stop,186,188,271,278,0.5257102847099304,85,Beyblade 2,Winner,11.3
331,stop,108,235,230,367,0.9342566132545471,122,Beyblade 1,Loser,11.3
331,stop,199,193,285,281,0.8990870714187622,86,Beyblade 2,Winner,11.3
332,stop,210,200,293,287,0.9706803560256958,83,Beyblade 2,Winner,11.3
332,stop,108,235,230,366,0.9460079073905945,122,Beyblade 1,Loser,11.3
333,stop,221,205,301,295,0.9779309034347534,80,Beyblade 2,Winner,11.3
333,stop,109,237,229,364,0.9320499300956726,120,Beyblade 1,Loser,11.3
334,stop,227,213,308,302,0.9462018013000488,81,Beyblade 2,Winner,11.3
334,stop,109,235,231,368,0.9381197690963745,122,Beyblade 1,Loser,11.3
335,stop,235,225,313,313,0.9798593521118164,78,Beyblade 2,Winner,11.3
335,stop,110,235,231,368,0.9388806819915771,121,Beyblade 1,Loser,11.3
336,stop,238,230,317,319,0.9746260046958923,79,Beyblade 2,Winner,11.3
336,stop,110,237,228,364,0.9386632442474365,118,Beyblade 1,Loser,11.3
337,stop,245,241,321,327,0.9533641338348389,76,Beyblade 2,Winner,11.3
337,stop,110,234,230,368,0.9475738406181335,120,Beyblade 1,Loser,11.3
338,stop,245,251,324,335,0.9718599319458008,79,Beyblade 2,Winner,11.3
338,stop,110,235,229,368,0.9530274868011475,119,Beyblade 1,Loser,11.3
